LTER_site,local_site,date_time,year,jday,thickness
NWT,GL4,10/6/84,1984,280,2
NWT,GL4,11/7/84,1984,312,30
NWT,GL4,2/28/85,1985,59,100
NWT,GL4,3/28/85,1985,87,125
NWT,GL4,4/25/85,1985,115,130
NWT,GL4,5/7/85,1985,127,140
NWT,GL4,10/11/90,1990,284,2
NWT,GL4,11/29/90,1990,333,45
NWT,GL4,12/28/90,1990,362,65
NWT,GL4,2/1/91,1991,32,100
NWT,GL4,3/1/91,1991,60,97
NWT,GL4,3/29/91,1991,88,114
NWT,GL4,5/3/91,1991,123,115
NWT,GL4,10/16/97,1997,289,2
NWT,GL4,10/23/97,1997,296,5
NWT,GL4,11/6/97,1997,310,31
NWT,GL4,12/11/97,1997,345,63
NWT,GL4,1/29/98,1998,29,90
NWT,GL4,3/12/98,1998,71,105
NWT,GL4,3/24/98,1998,83,107
NWT,GL4,4/23/98,1998,113,125
NWT,GL4,10/26/99,1999,299,2
NWT,GL4,12/7/99,1999,341,27
NWT,GL4,2/1/00,2000,32,84
NWT,GL4,2/22/00,2000,53,84
NWT,GL4,3/22/00,2000,82,89
NWT,GL4,4/7/00,2000,98,85
NWT,GL4,5/3/00,2000,124,86
NWT,GL4,10/16/01,2001,289,2
NWT,GL4,11/8/01,2001,312,23
NWT,GL4,11/20/01,2001,324,28
NWT,GL4,1/3/02,2002,3,66
NWT,GL4,1/22/02,2002,22,78
NWT,GL4,3/5/02,2002,64,93
NWT,GL4,4/4/02,2002,94,89
NWT,GL4,10/21/02,2002,294,5
NWT,GL4,11/19/02,2002,323,35
NWT,GL4,12/16/02,2002,350,58
NWT,GL4,1/7/03,2003,7,75
NWT,GL4,2/20/03,2003,51,99
NWT,GL4,4/17/03,2003,107,101
NWT,GL4,5/13/03,2003,133,100
NWT,GL4,10/26/03,2003,299,0
NWT,GL4,1/10/04,2004,10,80
NWT,GL4,2/27/04,2004,58,97
NWT,GL4,3/30/04,2004,90,99
NWT,GL4,10/25/04,2004,299,2
NWT,GL4,12/17/04,2004,352,48
NWT,GL4,1/27/05,2005,27,68
NWT,GL4,3/3/05,2005,62,87
NWT,GL4,3/23/05,2005,82,97
NWT,GL4,4/14/05,2005,104,88
NWT,GL4,10/14/05,2005,287,0
NWT,GL4,1/13/06,2006,13,72
NWT,GL4,2/24/06,2006,55,95
NWT,GL4,3/28/06,2006,87,101
NWT,GL4,4/21/06,2006,111,107
NWT,GL4,5/10/06,2006,130,105
NWT,GL4,10/17/06,2006,290,0
NWT,GL4,11/21/06,2006,325,39
NWT,GL4,12/19/06,2006,353,58
NWT,GL4,1/16/07,2007,16,75
NWT,GL4,3/6/07,2007,65,94
NWT,GL4,3/22/07,2007,81,96
NWT,GL4,4/12/07,2007,102,98
NWT,GL4,11/3/07,2007,307,0
NWT,GL4,11/6/07,2007,310,30
NWT,GL4,12/10/07,2007,344,50
NWT,GL4,2/20/08,2008,51,105
NWT,GL4,3/21/08,2008,81,112
NWT,GL4,4/21/08,2008,112,116
NWT,GL4,10/21/08,2008,295,0
NWT,GL4,12/17/08,2008,352,62
NWT,GL4,1/12/09,2009,12,83
NWT,GL4,3/12/09,2009,71,101
NWT,GL4,4/21/09,2009,111,104
NWT,GL4,10/22/09,2009,295,2
NWT,GL4,11/5/09,2009,309,30
NWT,GL4,12/16/09,2009,350,62
NWT,GL4,1/19/10,2010,19,84
NWT,GL4,5/20/10,2010,140,126
NWT,GL4,10/25/10,2010,298,0
NWT,GL4,12/9/10,2010,343,54
NWT,GL4,1/27/11,2011,27,105
NWT,GL4,3/1/11,2011,60,115
NWT,GL4,3/12/11,2011,71,112
NWT,GL4,5/5/11,2011,125,136
NWT,GL4,10/22/11,2011,295,0
NWT,GL4,10/14/12,2012,288,0
NWT,GL4,10/30/13,2013,303,0
NWT,GL4,10/30/14,2014,303,0
NWT,GL4,12/12/14,2014,346,40
NWT,GL4,1/8/15,2015,8,110
NWT,GL4,1/27/15,2015,27,80
NWT,GL4,4/14/15,2015,104,86
NWT,GL4,12/22/16,2016,357,73
NWT,GL4,1/19/17,2017,19,90
NWT,GL4,4/17/17,2017,107,124
NWT,GL4,12/12/17,2017,346,55
NWT,GL4,2/27/18,2018,58,105
NWT,GL4,3/27/18,2018,86,105
NWT,GL4,11/15/18,2018,319,42
NWT,GL4,12/10/18,2018,344,53
NWT,GL4,12/14/18,2018,348,66
NWT,GL4,2/4/19,2019,35,100
NWT,GL4,3/26/19,2019,85,150
NWT,GL4,4/23/19,2019,113,110
NWT,GL4,11/14/19,2019,318,44
NWT,GL4,1/16/20,2020,16,76
NWT,GL4,3/5/20,2020,65,105
NWT,GL4,4/28/20,2020,119,125
NWT,GL4,12/8/20,2020,343,47
NWT,GL4,1/7/21,2021,7,73
NWT,GL4,2/2/21,2021,33,80
NWT,GL4,3/9/21,2021,68,93
NWT,GL4,4/27/21,2021,117,90.5
NWT,GL4,5/20/21,2021,140,90
NWT,GL4,11/16/21,2021,320,30
NWT,GL4,12/9/21,2021,343,41
NWT,GL4,1/11/22,2022,11,71
NWT,GL4,2/15/22,2022,46,81
NWT,GL4,3/22/22,2022,81,122
NWT,GL4,4/19/22,2022,109,123
NWT,GL4,5/13/22,2022,133,108
NWT,GL4,12/20/22,2022,354,64
NWT,GL4,1/24/23,2023,24,87
NWT,GL4,3/2/23,2023,61,105
NWT,GL4,4/11/23,2023,101,127
NWT,GL4,11/14/23,2023,318,30
NWT,GL4,12/12/23,2023,346,50
NWT,GL4,2/1/24,2024,32,88
NWT,GL4,2/20/24,2024,51,92
NWT,GL4,3/28/24,2024,88,100
NWT,GL4,4/23/24,2024,114,102
NWT,GL4,5/17/24,2024,138,105
NWT,GL4,12/3/24,2024,338,40
NWT,GL4,12/23/24,2024,358,57
NWT,GL4,1/28/25,2025,28,85
NWT,GL4,2/27/25,2025,58,92
NWT,GL4,3/20/25,2025,79,104
NWT,GL4,4/22/25,2025,112,105