sed.date,lake,sed_mean,sed_mean_bb,wateryear,ice_endmember,B2mean,month,albedo.predict.wholelake,albedo.predict.bb
2016-11-02,Lake Fryxell,0.1540982200880541,0,2017,1,0.565729038943998,Nov,0.5603270647508564,0.6210957075320127
2016-11-02,Lake Hoare,0.37676121557994585,0.24941550152642383,2017,0.7505844984735761,0.565729038943998,Nov,0.472519898477961,0.5227386888222478
2016-11-02,West Lake Bonney,0.0975763305281198,0.06062466897727812,2017,0.9393753310227219,0.4527588407415189,Nov,0.3793347758720972,0.47192994434885865
2016-11-02,East Lake Bonney,0.2614431904663134,0.3017204272526282,2017,0.6982795727473718,0.4527588407415189,Nov,0.33334638209950396,0.376853816913286
2016-11-04,Lake Fryxell,0.16056213560486995,0,2017,1,0.5364074691964558,Nov,0.5252670244055326,0.5885847126771853
2016-11-04,Lake Hoare,0.37211041476668383,0.24380322226456233,2017,0.7561967777354377,0.5364074691964558,Nov,0.4418429472162778,0.49244089664722596
2016-11-04,West Lake Bonney,0.09968235448015794,0.06474369832807604,2017,0.935256301671924,0.4656488763683497,Nov,0.389223614465094,0.4845977415262212
2016-11-04,East Lake Bonney,0.2510455640731902,0.2979226143271835,2017,0.7020773856728165,0.4656488763683497,Nov,0.34674430603095785,0.39264362134008224
2016-11-06,Lake Fryxell,0.16663203106917265,0,2017,1,0.5392930592925228,Nov,0.5260728280875742,0.5917841800172392
2016-11-06,Lake Hoare,0.3774336972978057,0.2500241926738194,2017,0.7499758073261806,0.5392930592925228,Nov,0.442943177755465,0.4931871239152254
2016-11-06,West Lake Bonney,0.10639798765657348,0.07423366770586547,2017,0.9257663322941345,0.45064399528511295,Nov,0.37513960701998894,0.46421834913943427
2016-11-06,East Lake Bonney,0.2587160511655142,0.29474043316311305,2017,0.705259566836887,0.45064399528511295,Nov,0.3323923237317751,0.3772614923162809
2016-11-08,Lake Fryxell,0.18202916328018703,0,2017,1,0.5076385284059308,Nov,0.48490324646912975,0.5566864584543536
2016-11-08,Lake Hoare,0.39804714847628664,0.28149358459881374,2017,0.7185064154011862,0.5076385284059308,Nov,0.3997165404242069,0.4456794456679768
2016-11-08,West Lake Bonney,0.12414491298154592,0.09430966844015262,2017,0.9056903315598474,0.42905215873236224,Nov,0.3526043838593248,0.4323609095051647
2016-11-08,East Lake Bonney,0.2761498097089667,0.30591038018465044,2017,0.6940896198153496,0.42905215873236224,Nov,0.3099449892221199,0.3489161555236316
2016-11-13,Lake Fryxell,0.19404682987753585,0,2017,1,0.5175096529988414,Nov,0.4911089254189711,0.5676313049825097
2016-11-15,Lake Fryxell,0.18761138830531177,0,2017,1,0.5024648827912991,Nov,0.47696549181684716,0.5509500545917296
2016-11-15,Lake Hoare,0.31981876029234585,0.18852061107754708,2017,0.811479388922453,0.5024648827912991,Nov,0.42482950636078715,0.47660693975944585
2016-11-15,West Lake Bonney,0.1302843469831905,0.10922612173154074,2017,0.8907738782684592,0.4446471345416776,Nov,0.3635604426683501,0.44376990928121673
2016-11-15,East Lake Bonney,0.2727088488278239,0.3207817095849249,2017,0.6792182904150751,0.4446471345416776,Nov,0.32358973671739166,0.3603429499089816
2016-12-10,Lake Fryxell,0.0476793906072363,0.00905268889276639,2017,0.9909473111072337,0.7683084721442011,Dec,0.8269081500102182,0.8421405922601004
2016-12-10,Lake Hoare,0.27462366118663695,0.1864148144211088,2017,0.8135851855788911,0.7683084721442011,Dec,0.7374126626373645,0.7721978269057718
2016-12-10,West Lake Bonney,0.06777673675871627,0.07344859049600713,2017,0.9265514095039928,0.4673129454043426,Dec,0.3995306872833314,0.48301004327232994
2016-12-10,East Lake Bonney,0.17908570402952734,0.2279946943124135,2017,0.7720053056875865,0.4673129454043426,Dec,0.368292396519711,0.42206477751473576
2016-12-13,Lake Fryxell,0.0978644657690977,0.01051927288410618,2017,0.9894807271158939,0.7224824071146685,Dec,0.7563069119754522,0.7907514942817647
2016-12-13,Lake Hoare,0.493292679277862,0.3520228713750839,2017,0.6479771286249161,0.7224824071146685,Dec,0.600369771114422,0.6560795287436861
2016-12-13,West Lake Bonney,0.07952786153315303,0.0426604951841428,2017,0.9573395048158572,0.5044716450397748,Dec,0.4264436371838194,0.536351931485245
2016-12-13,East Lake Bonney,0.21780277848215093,0.3372032087158274,2017,0.6627967912841726,0.5044716450397748,Dec,0.3876374909507031,0.42019899388368365
2016-12-15,Lake Fryxell,0.14727827114474862,0.00941039499936296,2017,0.9905896050006371,0.7028666177565644,Dec,0.7150710970341445,0.7694393026609734
2016-12-15,Lake Hoare,0.573056774052178,0.4745357504912785,2017,0.5254642495087215,0.7028666177565644,Dec,0.5471653176403766,0.5860170894764506
2016-12-15,West Lake Bonney,0.12217032661291331,0.03652901175562018,2017,0.9634709882443798,0.5146239781915295,Dec,0.4227303189586784,0.5500265256341174
2016-12-15,East Lake Bonney,0.2683956438177356,0.4383843534522586,2017,0.5616156465477413,0.5146239781915295,Dec,0.38169293367117074,0.39155484636807225
2016-12-19,Lake Fryxell,0.18516900810757295,0.00239169713267983,2017,0.9976083028673202,0.6249006181529687,Dec,0.6136822074789079,0.6857604515545813
2016-12-24,Lake Fryxell,0.23084619175900664,0,2017,1,0.561117504330023,Dec,0.5249483475096812,0.6159825577450588
2016-12-24,Lake Hoare,0.3120713000326622,0.26302245046411243,2017,0.7369775495358876,0.561117504330023,Dec,0.4929172209546695,0.5122596378661348
2016-12-24,West Lake Bonney,0.06122942437216922,0.04221967433798401,2017,0.957780325662016,0.5750988741636985,Dec,0.4890004955535352,0.6148354061951744
2016-12-24,East Lake Bonney,0.1625974257758657,0.19641223384274376,2017,0.8035877661572562,0.5750988741636985,Dec,0.4605520858735531,0.5540295606591084
2017-01-02,Lake Fryxell,0.1259492873061628,0,2017,1,0.5344778450944477,Jan,0.536777086229723,0.5864451955983838
2017-01-02,Lake Hoare,0.02403424404262029,0.00393396753601596,2017,0.9960660324639841,0.5344778450944477,Jan,0.5769672899489443,0.5848938352531947
2017-01-02,West Lake Bonney,0.04894859737731636,0.03972161402378012,2017,0.9602783859762198,0.582359037454033,Jan,0.49834971962910557,0.6238703968974955
2017-01-02,East Lake Bonney,0.12570707120327196,0.12464868459436627,2017,0.8753513154056337,0.582359037454033,Jan,0.4768078476421599,0.5903794012779161
2017-01-11,Lake Fryxell,0.02562694271130626,0,2017,1,0.5481319127575228,Jan,0.5914784846643113,0.6015844711338931
2017-01-11,Lake Hoare,0.00869360743080217,5.847509950399399e-4,2017,0.99941524900496,0.5481319127575228,Jan,0.5981561464969172,0.6013538745422311
2017-01-11,West Lake Bonney,0.06306768715066528,0.05317050997880013,2017,0.9468294900211999,0.5822352975715219,Jan,0.49428666624558526,0.6184296243646308
2017-01-11,East Lake Bonney,0.14675181969874687,0.1431396682229307,2017,0.8568603317770693,0.5822352975715219,Jan,0.4708011436598067,0.5829502811539512
2017-01-14,Lake Fryxell,0.01740944552433788,0,2017,1,0.4905820025037784,Jan,0.5309092096712141,0.5377746256084128
2017-01-14,Lake Hoare,0.00260070771616017,0,2017,1,0.4905820025037784,Jan,0.5367490363570171,0.5377746256084128
2017-01-14,West Lake Bonney,0.08010011203600272,0.0760791241465246,2017,0.9239208758534754,0.5678787095282075,Jan,0.4778343806694988,0.5934773990432634
2017-01-14,East Lake Bonney,0.11022143857843791,0.08522484893657276,2017,0.9147751510634272,0.5678787095282075,Jan,0.46938098486690116,0.5898707818972404
2017-01-18,Lake Fryxell,0.0171621028138916,0,2017,1,0.5524809695484686,Jan,0.5996387160052307,0.6064065923290125
2017-01-18,Lake Hoare,0.00393698697863483,0,2017,1,0.5524809695484686,Jan,0.6048540412664367,0.6064065923290125
2017-01-18,West Lake Bonney,0.07617924558437242,0.07191886128309895,2017,0.928081138716901,0.6084760401778225,Jan,0.511941277422293,0.6401312645996384
2017-01-18,East Lake Bonney,0.11018530119761975,0.09197431784813052,2017,0.9080256821518695,0.6084760401778225,Jan,0.5023976523306511,0.6322223940421654
2017-01-25,Lake Fryxell,0.03038925562088823,0,2017,1,0.5608449854519166,Jan,0.6036963910272676,0.6156803958921893
2017-01-25,Lake Hoare,0.0281978109794798,0.0084695284737141,2017,0.9915304715262859,0.5608449854519166,Jan,0.6045605873594013,0.6123404368060306
2017-01-25,West Lake Bonney,0.0856858289620954,0.08549452175879303,2017,0.914505478241207,0.5548309535132724,Jan,0.46565866429380465,0.5752974234727386
2017-01-25,East Lake Bonney,0.14841950414501665,0.1416245062870008,2017,0.8583754937129993,0.5548309535132724,Jan,0.44805278011318206,0.5531625605446826
2017-01-27,Lake Fryxell,0.03703263031436295,0,2017,1,0.5499895457554177,Jan,0.5890403462535367,0.6036441663465542
2017-01-27,Lake Hoare,0.03035257798538201,0.01128571907590542,2017,0.9887142809240945,0.5499895457554177,Jan,0.5916746253095007,0.5991936423193442
2017-01-27,West Lake Bonney,0.0856390563685551,0.07757900852490873,2017,0.9224209914750913,0.5454783083426114,Jan,0.45806788387055286,0.5680489366010204
2017-01-27,East Lake Bonney,0.15835393194797703,0.15131632183436994,2017,0.8486836781656301,0.5454783083426114,Jan,0.4376608269919817,0.5389706224609583
2017-01-30,Lake Fryxell,0.05171661495465955,0,2017,1,0.5561570891026493,Jan,0.5900881278375563,0.6104825781967784
2017-01-30,Lake Hoare,0.03963169849912358,0.01378127805863706,2017,0.986218721941363,0.5561570891026493,Jan,0.5948538154016758,0.6050479303278118
2017-01-30,West Lake Bonney,0.09988335624271467,0.096316219252698565,2017,0.9036837807473015,0.5373984564441558,Jan,0.4475011962752603,0.5517011864762333
2017-01-30,East Lake Bonney,0.1644642813892943,0.14303274361623658,2017,0.8569672563837634,0.5373984564441558,Jan,0.4293768908668363,0.5332785221560171
2017-11-04,Lake Fryxell,0.1446238139576457,0.13469007545534303,2018,0.8653099245446569,0.5636848014408,Nov,0.5617966999633686,0.5657140703663681
2017-11-07,Lake Fryxell,0.1541338768951856,0.09819711416083224,2018,0.9018028858391678,0.5650433652986342,Nov,0.559552746360366,0.5816114122618661
2017-11-07,Lake Hoare,0.6113258961279218,0.386420635666166,2018,0.613579364333834,0.5650433652986342,Nov,0.37925904482848527,0.4679504484332363
2017-11-07,West Lake Bonney,0.1775243559883942,0.1612509738873033,2018,0.8387490261126966,0.5157201008450918,Nov,0.40808666642974933,0.5020577643496698
2017-11-07,East Lake Bonney,0.09686224532779568,0.02089808769563845,2018,0.9791019123043615,0.5157201008450918,Nov,0.4307240740726811,0.5574059338445019
2017-11-18,Lake Fryxell,0.13731256089512686,0.08914045616984367,2018,0.9108595438301563,0.5979455971536763,Nov,0.6026673733680799,0.6216640458954747
2017-11-18,Lake Hoare,0.2629139435557599,0.03060277847855884,2018,0.9693972215214411,0.5979455971536763,Nov,0.5531364602182594,0.6447483827737819
2017-11-18,West Lake Bonney,0.16931321857049805,0.1687591536080136,2018,0.8312408463919864,0.4851263126682676,Nov,0.38551765512012665,0.4651753156036847
2017-11-18,East Lake Bonney,0.1133719771087148,0.02743095297876236,2018,0.9725690470212376,0.4851263126682676,Nov,0.4012172776151359,0.5209081004083052
2017-11-20,Lake Fryxell,0.1417989019255242,0.1629924327135086,2018,0.8370075672864914,0.5638891940577937,Nov,0.563137329425113,0.5547796592262584
2017-11-21,Lake Fryxell,0.15742400982878887,0.14854313126381705,2018,0.851456868736183,0.5684020388588509,Nov,0.561979292227019,0.5654814672475301
2017-11-21,Lake Hoare,0.256922987575529,0.02878594381867775,2018,0.9712140561813223,0.5684020388588509,Nov,0.5227418640962667,0.6127077216466477
2017-11-21,West Lake Bonney,0.17577906989359274,0.1831649949445444,2018,0.8168350050554556,0.4764741923811414,Nov,0.3766686823867913,0.4499011249470467
2017-11-21,East Lake Bonney,0.1387552960992161,0.03560369723795534,2018,0.9643963027620447,0.4764741923811414,Nov,0.3870592146081655,0.5080919319760417
2017-11-25,Lake Fryxell,0.1889382694736387,0.16587290211635478,2018,0.8341270978836453,0.5105747209198485,Nov,0.4854342139937859,0.4945300430614416
2017-11-25,Lake Hoare,0.2843363860021855,0.03305602167799536,2018,0.9669439783220046,0.5105747209198485,Nov,0.44781396074228325,0.5469063882136066
2017-11-25,West Lake Bonney,0.12906062086323616,0.1260475312523982,2018,0.8739524687476018,0.46817637554166497,Nov,0.3830336672881678,0.4632249965848063
2017-11-25,East Lake Bonney,0.12433446616992294,0.0615733982787653,2018,0.9384266017212347,0.46817637554166497,Nov,0.38436003836251587,0.48865037497698155
2017-11-27,Lake Fryxell,0.17402647161008977,0.1446772960617262,2018,0.8553227039382738,0.4970336550421467,Nov,0.4763007003275897,0.4878745495505128
2017-11-27,Lake Hoare,0.25872349597608885,0.02144182020482341,2018,0.9785581797951766,0.4970336550421467,Nov,0.4429004234432541,0.5364724672035182
2017-11-27,West Lake Bonney,0.09569152981171423,0.08627059727030642,2018,0.9137294027296936,0.4627602185732782,Nov,0.38799507640706976,0.4729057388497571
2017-11-27,East Lake Bonney,0.10249671838394908,0.04878610506307773,2018,0.9512138949369223,0.4627602185732782,Nov,0.3860852351379155,0.48768775070863846
2017-11-30,Lake Fryxell,0.18297110465602168,0.1268361462827991,2018,0.8731638537172008,0.5081550747973663,Nov,0.48510452504893087,0.5072413494130812
2017-11-30,Lake Hoare,0.2689430930942763,0.02988996413270277,2018,0.9701100358672973,0.5081550747973663,Nov,0.45120146600253375,0.5454720824397816
2017-11-30,West Lake Bonney,0.0982471162090453,0.05367837761364439,2018,0.9463216223863556,0.4916829887517892,Nov,0.41079271459588484,0.5178272989729364
2017-11-30,East Lake Bonney,0.09776349238448462,0.04582273893810688,2018,0.9541772610618932,0.4916829887517892,Nov,0.4109284411417532,0.5209251705785838
2017-12-02,Lake Fryxell,0.19348080514282584,0.12056201827876709,2018,0.8794379817212329,0.4912331366695749,Dec,0.46219741858323554,0.49095294676808554
2017-12-02,Lake Hoare,0.25214451144012057,0.03591817240563354,2018,0.9640818275943664,0.4912331366695749,Dec,0.43906338231622394,0.5243322527104158
2017-12-02,West Lake Bonney,0.0925601343802514,0.0471405116156401,2018,0.9528594883843599,0.49318816765606266,Dec,0.41361248054221367,0.5220744101096306
2017-12-02,East Lake Bonney,0.1743785867063927,0.10979188617371888,2018,0.8902081138262812,0.49318816765606266,Dec,0.39065055154169503,0.49736783661324124
2017-12-07,Lake Fryxell,0.22955451868850263,0.13499167802579262,2018,0.8650083219742074,0.47579173611637904,Dec,0.43085072356340054,0.4681415857246897
2017-12-07,Lake Hoare,1.895167927325862e-6,0,2018,1,0.47579173611637904,Dec,0.5213748150826152,0.5213755624422065
2017-12-07,West Lake Bonney,0.2255545883346103,0.03297581818975124,2018,0.9670241818102487,0.5308045930778937,Dec,0.40687125312751726,0.5693683732052572
2017-12-07,East Lake Bonney,0.14053822085229126,0.09021463469991296,2018,0.909785365300087,0.5308045930778937,Dec,0.4307306606145896,0.5467962423153961
2017-12-16,Lake Fryxell,0.06823462796916771,0.00263040432471437,2018,0.9973695956752856,0.6396565464815297,Dec,0.6761562776576815,0.702027307376953
2017-12-16,Lake Hoare,0.01157989507839885,8.645634166896343e-4,2018,0.9991354365833104,0.6396565464815297,Dec,0.6984980751355088,0.7027236668500656
2017-12-16,West Lake Bonney,0.05485958033629382,0.03174506743123535,2018,0.9682549325687646,0.5381931435325416,Dec,0.4607829861970537,0.5780459526573065
2017-12-16,East Lake Bonney,0.09483212394870784,0.1143856737072821,2018,0.8856143262927179,0.5381931435325416,Dec,0.4495648968504147,0.5454566243760477
2017-12-23,Lake Fryxell,0.06813810778441161,0.00716536181597107,2018,0.992834638184029,0.6758320112599724,Dec,0.7163047560212763,0.7403493622277926
2017-12-23,Lake Hoare,0.00753166391573447,3.25905524992517e-5,2018,0.9999674094475007,0.6758320112599724,Dec,0.7402049109717185,0.7431621710240393
2017-12-23,West Lake Bonney,0.0504395839257652,0.04855397735338877,2018,0.9514460226466113,0.5768261572827905,Dec,0.4934329282263573,0.6142526400558795
2017-12-23,East Lake Bonney,0.10180310744808428,0.08006364003651673,2018,0.9199363599634833,0.5768261572827905,Dec,0.47901801879205674,0.6018268025955145
2018-01-03,Lake Fryxell,0.03039689666600268,0,2018,1,0.557835378737521,Jan,0.6003564040357473,0.6123434221472903
2018-01-03,Lake Hoare,0.0187065421226457,3.922526591590473e-4,2018,0.9996077473408409,0.557835378737521,Jan,0.6049664960849896,0.6121887372864867
2018-01-03,West Lake Bonney,0.04140835506581772,0.04045208401101477,2018,0.9595479159889853,0.6022140831690556,Jan,0.5166084402744382,0.6455970949298941
2018-01-03,East Lake Bonney,0.02449015414944406,0.00467033464793294,2018,0.995329665352067,0.6022140831690556,Jan,0.5213564465885856,0.6597076300411207
2018-01-05,Lake Fryxell,0.02821732024828753,0,2018,1,0.5551047526034766,Jan,0.5981882728086866,0.6093157748228555
2018-01-05,Lake Hoare,0.02669702247878509,0.00222054038843322,2018,0.9977794596115668,0.5551047526034766,Jan,0.5987878023296835,0.6084401045810531
2018-01-05,West Lake Bonney,0.04100785986234558,0.03519794606494114,2018,0.9648020539350589,0.5661715030138509,Jan,0.4874174241691679,0.6077059879549582
2018-01-05,East Lake Bonney,0.00103751420477492,0,2018,1,0.5661715030138509,Jan,0.49863489667105343,0.6215863001988544
2018-01-07,Lake Fryxell,0.02201205909017651,0,2018,1,0.564303017840232,Jan,0.610834115489364,0.6195145723756557
2018-01-10,Lake Fryxell,0.04819178222674824,0.00715227139367283,2018,0.9928477286063272,0.662931202561832,Jan,0.7098665091966665,0.726050442874184
2018-01-10,Lake Hoare,0.07952597367297708,0.00313928979672449,2018,0.9968607102032755,0.662931202561832,Jan,0.6975098688296059,0.7276329624192699
2018-01-10,West Lake Bonney,0.02431169984407369,0.02162742419750429,2018,0.9783725758024957,0.6602838072872886,Jan,0.5686184960264772,0.7174068023463267
2018-01-10,East Lake Bonney,0.13371896986110482,0.13677458349201416,2018,0.8632254165079858,0.6602838072872886,Jan,0.537913906843372,0.6719985128382806
2018-01-12,Lake Fryxell,0.05351325626454414,0.00992192194569403,2018,0.9900780780543059,0.6608044679230829,Jan,0.7054099174536221,0.7226001628832093
2018-01-12,Lake Hoare,0.07381253527592964,0.0016992825879892,2018,0.9983007174120108,0.6608044679230829,Jan,0.6974048954990985,0.7258427612309456
2018-01-12,West Lake Bonney,0.04707011842815569,0.04530312909799464,2018,0.9546968709020054,0.6252093524538254,Jan,0.533715156798749,0.6691806422337154
2018-01-12,East Lake Bonney,0.10530357749379766,0.10413427675763766,2018,0.8958657232423624,0.6252093524538254,Jan,0.5173722351899439,0.6459805754549334
2018-01-14,Lake Fryxell,0.07106085350660958,0.02146797865690827,2018,0.9785320213430917,0.6121919266060349,Jan,0.6445896983649224,0.6641466516802172
2018-01-14,Lake Hoare,0.07632587739500706,8.722096071453831e-4,2018,0.9991277903928546,0.6121919266060349,Jan,0.6425134358634772,0.672268594500018
2018-01-14,West Lake Bonney,0.04760757576093127,0.03948131861055598,2018,0.960518681389444,0.6056906625525094,Jan,0.5176951965396056,0.649834657236489
2018-01-14,East Lake Bonney,0.05502086443212647,0.04797986110724095,2018,0.952020138892759,0.6056906625525094,Jan,0.5156146950966084,0.6464832564685477
2018-01-19,Lake Fryxell,0.07812239121203195,0.02842727699659436,2018,0.9715727230034057,0.6201698676315842,Jan,0.6506507142943335,0.670247985709935
2018-01-19,Lake Hoare,0.08498374739491665,4.991481895558536e-4,2018,0.9995008518104441,0.6201698676315842,Jan,0.6479449380521826,0.6812614450610635
2018-01-19,West Lake Bonney,0.05517252894036376,0.05143098001751829,2018,0.9485690199824817,0.6118585879274198,Jan,0.5205867906697538,0.65196114294187
2018-01-19,East Lake Bonney,0.05410085225660652,0.05148550784517149,2018,0.9485144921548285,0.6118585879274198,Jan,0.5208875512344471,0.6519396398896065
2018-01-26,Lake Fryxell,0.00873105016885469,0.0021355354842586,2018,0.9978644645157414,0.754076680739,Jan,0.8264875898977482,0.8290885315283332
2018-01-26,Lake Hoare,0.1910189362996962,0.0998275978224618,2018,0.9001724021775382,0.754076680739,Jan,0.7546023505401006,0.7905636606025532
2018-01-26,West Lake Bonney,0.06656813773081305,0.05948064221507486,2018,0.9405193577849251,0.6041426708448591,Jan,0.5111154606526338,0.6402315497219888
2018-01-26,East Lake Bonney,0.05213379760728646,0.04451968738390456,2018,0.9554803126160955,0.6041426708448591,Jan,0.515166384174929,0.6461314032003801
2018-01-30,Lake Fryxell,0.01875730765188901,0.00192011692824427,2018,0.9980798830717558,0.6959810176692401,Jan,0.7581187725579259,0.764758519778489
2018-01-30,Lake Hoare,0.17413898856174656,0.09959806416715894,2018,0.900401935832841,0.6959810176692401,Jan,0.6968439969209896,0.7262392151430009
2018-01-30,West Lake Bonney,0.07671550814285431,0.07154841206091292,2018,0.9284515879390871,0.565841452926545,Jan,0.4771279178185789,0.59300522844064
2018-01-30,East Lake Bonney,0.05861831934494714,0.05749635011975274,2018,0.9425036498802473,0.565841452926545,Jan,0.48220680103467906,0.598546659950706
2018-11-05,Lake Fryxell,0.18919332099815736,0.1272765617160236,2019,0.8727234382839764,0.5593336225907242,Nov,0.5393962379803302,0.5638131158964594
2018-11-05,Lake Hoare,0.6347863479649148,0.5360465926783425,2019,0.46395340732165746,0.5593336225907242,Nov,0.36367659977786293,0.40261462848370944
2018-11-05,West Lake Bonney,0.1207091625815593,0.08996604155639515,2019,0.9100339584436048,0.42023476747581184,Nov,0.34639987591927024,0.4242973246624492
2018-11-05,East Lake Bonney,0.11539688521607508,0.06038384870437396,2019,0.939616151295626,0.42023476747581184,Nov,0.3478907393153545,0.4359630642737214
2018-11-07,Lake Fryxell,0.1101631474164606,0.08166219036587898,2019,0.918337809634121,0.5258868504032692,Nov,0.5334768797410081,0.5447162339459963
2018-11-08,Lake Fryxell,0.1371048716472689,0.12066288248581045,2019,0.8793371175141895,0.5078775480582152,Nov,0.5028841624808149,0.5093680619404802
2018-11-08,Lake Hoare,0.5720856352950014,0.321779077393668,2019,0.678220922606332,0.5078775480582152,Nov,0.3313494709854861,0.4300578778327247
2018-11-08,West Lake Bonney,0.1833770082188228,0.11541225542040431,2019,0.8845877445795957,0.4269131607335119,Nov,0.3342421475558725,0.42166743758585645
2018-11-08,East Lake Bonney,0.1666108586005375,0.14506313379819472,2019,0.8549368662018053,0.4269131607335119,Nov,0.33894748145307874,0.4099746118331784
2018-11-12,Lake Fryxell,0.15724118273421006,0.11561306555043248,2019,0.8843869344495675,0.5227244696063645,Nov,0.5114052878742679,0.5278213385031952
2018-11-12,Lake Hoare,0.39487328203623046,0.00294100867800547,2019,0.9970589913219945,0.5227244696063645,Nov,0.41769505457261663,0.5722535712154628
2018-11-12,West Lake Bonney,0.20042064645419627,0.11523639410734177,2019,0.8847636058926582,0.4379122135837676,Nov,0.3384014105885922,0.43393225258562756
2018-11-12,East Lake Bonney,0.18414162144789983,0.15628410839395926,2019,0.8437158916060408,0.4379122135837676,Nov,0.34297003546189375,0.41774508387569
2018-11-17,Lake Fryxell,0.09718109012449776,0.08634298831662711,2019,0.9136570116833729,0.5352563437651248,Nov,0.5489850057003315,0.5532590118297466
2018-11-17,Lake Hoare,0.14118279471925832,0.00516367237469239,2019,0.9948363276253076,0.5352563437651248,Nov,0.5316329307266359,0.5852720801758649
2018-11-17,West Lake Bonney,0.20102249452490165,0.1196412870331722,2019,0.8803587129668278,0.43197934108478303,Nov,0.3334089487500329,0.42561696787366293
2018-11-17,East Lake Bonney,0.19531840650864357,0.15922857632093065,2019,0.8407714236790693,0.43197934108478303,Nov,0.33500977179566976,0.4100057178538544
2018-11-19,Lake Fryxell,0.1289041600244369,0.12326321509831092,2019,0.876736784901689,0.5219251754277959,Nov,0.5216937579395773,0.523918264925888
2018-11-19,Lake Hoare,0.37741228491306394,0.18684020744902743,2019,0.8131597925509726,0.5219251754277959,Nov,0.4236945632639819,0.4988466739947706
2018-11-19,West Lake Bonney,0.200369172753059,0.11636075235026724,2019,0.8836392476497328,0.44745316830727383,Nov,0.3461728631524963,0.4440676245955573
2018-11-19,East Lake Bonney,0.19628119117955345,0.17008070261117272,2019,0.8299192973888273,0.44745316830727383,Nov,0.3473201342139445,0.4228831588323507
2018-11-24,Lake Fryxell,0.11474841151593988,0.09161065135370285,2019,0.9083893486462972,0.499938400832603,Nov,0.5028977137294094,0.5120220909042503
2018-11-24,Lake Hoare,0.34807698043426727,0.15530330751623425,2019,0.8446966924837658,0.499938400832603,Nov,0.41088457790516614,0.4869048879416709
2018-11-24,West Lake Bonney,0.13204575849335448,0.05855669092167826,2019,0.9414433090783217,0.44539663543156127,Nov,0.3636754723252237,0.46458242962414353
2018-11-24,East Lake Bonney,0.13870647785160675,0.1101477175214246,2019,0.8898522824785754,0.44539663543156127,Nov,0.3618061755999946,0.4442375050405782
2018-11-26,Lake Fryxell,0.13411300805474077,0.08952480242313708,2019,0.9104751975768629,0.49598713682314566,Nov,0.49088022497432277,0.5084635866687757
2018-11-26,Lake Hoare,0.3785179410057097,0.2256586572953633,2019,0.7743413427046367,0.49598713682314566,Nov,0.39449912429734457,0.4547791924400496
2018-11-26,West Lake Bonney,0.1449838471955227,0.06874522003893029,2019,0.9312547799610698,0.4541923303020485,Nov,0.36719555811737764,0.47031702051429947
2018-11-26,East Lake Bonney,0.17634582660995224,0.14072092835844227,2019,0.8592790716415577,0.4541923303020485,Nov,0.35839397944953266,0.4419333954127906
2018-11-28,Lake Fryxell,0.14277021118310107,0.08266964039820082,2019,0.9173303596017992,0.5093916808462986,Nov,0.5023288665816992,0.5260295304497455
2018-11-28,Lake Hoare,0.3571975395555903,0.2416987738439015,2019,0.7583012261560985,0.5093916808462986,Nov,0.4177694361551848,0.4633163816759539
2018-11-28,West Lake Bonney,0.16167109283146722,0.09322972473797991,2019,0.9067702752620201,0.4540762100965621,Nov,0.3624179599285946,0.46053280347927633
2018-11-28,East Lake Bonney,0.22852904850762457,0.19614682053043336,2019,0.8038531794695667,0.4540762100965621,Nov,0.3436546175808777,0.4199474402822716
2018-11-30,Lake Fryxell,0.16326456566885245,0.11626679987153586,2019,0.8837332001284641,0.490211958636964,Nov,0.47298093884414505,0.4915145107414559
2018-11-30,Lake Hoare,0.315169915331573,0.23199167805058615,2019,0.7680083219494138,0.490211958636964,Nov,0.41307705465310296,0.44587839775496524
2018-11-30,West Lake Bonney,0.15736290407223746,0.09265570254886853,2019,0.9073442974511314,0.4505244806177513,Nov,0.3607393965637895,0.4568211037821909
2018-11-30,East Lake Bonney,0.2266626121746205,0.19908920842464323,2019,0.8009107915753568,0.4505244806177513,Nov,0.34129078892134,0.4148490440477226
2018-12-05,Lake Fryxell,0.17338335820125728,0.11153429133050582,2019,0.8884657086694941,0.4843084518059774,Dec,0.46244493735289705,0.48683512076234126
2018-12-05,Lake Hoare,0.010122057378675,0.00502085514349996,2019,0.9949791448565001,0.4843084518059774,Dec,0.5268270415978733,0.5288387010200695
2018-12-05,West Lake Bonney,0.13283971596262134,0.08324575658394572,2019,0.9167542434160543,0.5188314635485046,Dec,0.4231567880039403,0.536268924840307
2018-12-05,East Lake Bonney,0.1878600772461,0.19831133109551888,2019,0.8016886689044811,0.5188314635485046,Dec,0.40771560580780053,0.49089280829654186
2018-12-19,Lake Fryxell,0.08117974047063263,0.00391235691752038,2019,0.9960876430824797,0.5128925132814974,Dec,0.5304987046435059,0.5609691022061165
2018-12-30,Lake Fryxell,0.20525897291482728,0.1661468678537537,2019,0.8338531321462463,0.614102555237452,Dec,0.5937871169325961,0.6092109780227327
2018-12-30,Lake Hoare,0.2069082299214731,0.15992160205330166,2019,0.8400783979466984,0.614102555237452,Dec,0.593136732328323,0.6116659119825749
2018-12-30,West Lake Bonney,0.08449382958081579,0.05331609877483809,2019,0.9466839012251619,0.6416547619788451,Dec,0.5365828650592996,0.6842549700196486
2018-12-30,East Lake Bonney,0.10591063890965492,0.07893667883343167,2019,0.9210633211665683,0.6416547619788451,Dec,0.5305723473674449,0.674151492662564
2019-01-01,Lake Fryxell,0.13885829811812353,0.15169980475569472,2019,0.8483001952443052,0.5730303754965428,Jan,0.5744324612418881,0.5693684122919099
2019-01-01,Lake Hoare,0.2277043446187191,0.09755546817822117,2019,0.9024445318217789,0.5730303754965428,Jan,0.539396017217891,0.5907202348257399
2019-01-01,West Lake Bonney,0.0932642681443318,0.05721193250706967,2019,0.9427880674929303,0.5939233170943485,Jan,0.495314768462768,0.6297952615657778
2019-01-01,East Lake Bonney,0.0912888210221051,0.06746843117806646,2019,0.9325315688219336,0.5939233170943485,Jan,0.4958691675656016,0.6257506106699591
2019-01-04,Lake Fryxell,0.16954610963794625,0.1741473470978877,2019,0.8258526529021123,0.56567770943326,Jan,0.554178275707391,0.552363777425745
2019-01-04,Lake Hoare,0.2548537883121753,0.11532893207456384,2019,0.8846710679254361,0.56567770943326,Jan,0.520537187258208,0.5755588230885941
2019-01-04,West Lake Bonney,0.09556293692301122,0.06204217442256563,2019,0.9379578255774343,0.6028256513397411,Jan,0.5019074530521733,0.6377611323196088
2019-01-04,East Lake Bonney,0.12741890647837173,0.12037256506306154,2019,0.8796274349369384,0.6028256513397411,Jan,0.4929672385849393,0.6147585391028142
2019-01-06,Lake Fryxell,0.17889743946680445,0.19468415068352923,2019,0.8053158493164707,0.5718009205456089,Jan,0.5572798356211821,0.5510543450602252
2019-01-06,Lake Hoare,0.24582105732640563,0.11204174403101204,2019,0.8879582559689879,0.5718009205456089,Jan,0.5308885027102058,0.5836443833200584
2019-01-06,West Lake Bonney,0.098864917154973,0.0619294934303445,2019,0.9380705065696555,0.6173051405768211,Jan,0.5127529135093831,0.6538600496109118
2019-01-06,East Lake Bonney,0.09304190134071565,0.08831777486398264,2019,0.9116822251360174,0.6173051405768211,Jan,0.5143871130315507,0.6434538291683067
2019-01-10,Lake Fryxell,0.18177142328869011,0.19486786999872752,2019,0.8051321300012725,0.5434840768643232,Jan,0.5247494992281562,0.5195849146445708
2019-01-11,Lake Fryxell,0.2146639787630212,0.20612839214942036,2019,0.7938716078505796,0.5188903128295441,Jan,0.4845093912147351,0.48787540033251164
2019-01-11,Lake Hoare,0.4635246787710888,0.266958481499127,2019,0.733041518500873,0.5188903128295441,Jan,0.386371158518619,0.463887050772563
2019-01-11,West Lake Bonney,0.0866768414780364,0.0428220120820162,2019,0.9571779879179838,0.5911998625316752,Jan,0.4949492673110689,0.632450231917818
2019-01-11,East Lake Bonney,0.20709146405814635,0.2489871756898032,2019,0.7510128243101968,0.5911998625316752,Jan,0.46115552108757407,0.5511489866857746
2019-01-15,Lake Fryxell,0.16764795896852036,0.16668266134665294,2019,0.833317338653347,0.6041907075918388,Jan,0.597629023456101,0.5980096886339806
2019-01-15,Lake Hoare,0.2674009917444754,0.14271557214004651,2019,0.8572844278599535,0.6041907075918388,Jan,0.5582914087086033,0.6074611117696154
2019-01-15,West Lake Bonney,0.10223253428101886,0.07083908605444081,2019,0.9291609139455592,0.5950007311948109,Jan,0.49367383200885884,0.6256160014743164
2019-01-15,East Lake Bonney,0.10300252825154035,0.0921553263992623,2019,0.9078446736007377,0.5950007311948109,Jan,0.49345773715031194,0.6172099407540075
2019-01-24,Lake Fryxell,0.1560865434285606,0.1604854400981875,2019,0.8395145599018126,0.6111653687035894,Jan,0.6099215914624133,0.6081868862841509
2019-01-24,Lake Hoare,0.2183665124785791,0.135101844476802,2019,0.864898155523198,0.6111653687035894,Jan,0.5853614817514807,0.6181969088135213
2019-01-24,West Lake Bonney,0.11849627155363654,0.0807450311806272,2019,0.9192549688193727,0.5431349651231441,Jan,0.44694148520392685,0.5642021772785321
2019-01-24,East Lake Bonney,0.09720731582679498,0.07891099309859716,2019,0.9210890069014028,0.5431349651231441,Jan,0.452916121438139,0.5649254303115019
2019-01-26,Lake Fryxell,0.16957585415403478,0.17480242624878883,2019,0.8251975737512112,0.5753616849849403,Jan,0.5649038864883789,0.5628427874541746
2019-01-27,Lake Fryxell,0.17859935081072945,0.1787221359417719,2019,0.8212778640582281,0.623730522915096,Jan,0.6149755810426114,0.6149271607184643
2019-11-04,Lake Fryxell,0.24180144685689303,0.4002901149146697,2020,0.5997098850853303,0.4194246728798344,Nov,0.3635228111907123,0.301022794976632
2019-11-06,Lake Fryxell,0.4129754700727664,0.4282611196531969,2020,0.5717388803468031,0.4551368163431131,Nov,0.3356170213564327,0.3295891244832544
2019-11-06,Lake Hoare,0.7098507108920958,0.5142651242869241,2020,0.48573487571307594,0.4551368163431131,Nov,0.21854425147232331,0.2956734398481595
2019-11-06,West Lake Bonney,0.13037156637890238,0.00588119161479613,2020,0.9941188083852038,0.4199907656920244,Nov,0.34348979301708626,0.45718564768455794
2019-11-06,East Lake Bonney,0.10915107030084292,0.07366888237674074,2020,0.9263311176232593,0.4199907656920244,Nov,0.34944521640199544,0.43045356757021114
2019-11-08,Lake Fryxell,0.3987709979250213,0.4180436213226879,2020,0.5819563786773121,0.44855817639619633,Nov,0.3339243307600774,0.326324170511378
2019-11-08,Lake Hoare,0.6850834060006026,0.4986773814473834,2020,0.5013226185526166,0.44855817639619633,Nov,0.221017014632638,0.2945262421360916
2019-11-08,West Lake Bonney,0.11838418774764778,0.00584973181471201,2020,0.994150268185288,0.4122378282768323,Nov,0.3405506801417353,0.4486017982494225
2019-11-08,East Lake Bonney,0.10950761687586992,0.0800453925539235,2020,0.9199546074460765,0.4122378282768323,Nov,0.3430418442291879,0.4193427347716184
2019-11-10,Lake Fryxell,0.38511067011870703,0.43739552226136713,2020,0.5626044777386329,0.4443023087276512,Nov,0.3345924863724766,0.3139739516424367
2019-11-11,Lake Fryxell,0.3855141258917446,0.404397127821165,2020,0.595602872178835,0.4638867036700654,Nov,0.35614805193478527,0.3487015389365875
2019-11-11,Lake Hoare,0.6595374084391245,0.47865269013813566,2020,0.5213473098618644,0.4638867036700654,Nov,0.24808695323211127,0.3194188532678276
2019-11-11,West Lake Bonney,0.13033561063582128,0.00800776065358042,2020,0.9919922393464196,0.4311056126353368,Nov,0.35253649965196765,0.4686708886127238
2019-11-11,East Lake Bonney,0.10902499295123048,0.07513873456913711,2020,0.9248612654308629,0.4311056126353368,Nov,0.35851721520351854,0.4421977848280434
2019-11-15,Lake Fryxell,0.34714999839946226,0.3997452232767554,2020,0.6002547767232447,0.4898844610952893,Nov,0.40010258611756505,0.37936165588010684
2019-11-15,Lake Hoare,0.31612564559389905,0.18122791584048953,2020,0.8187720841595105,0.4898844610952893,Nov,0.4123370415971971,0.4655339698075924
2019-11-15,West Lake Bonney,0.12742790001558862,0.01374609988167375,2020,0.9862539001183263,0.428362742701418,Nov,0.3511225199398452,0.46336675124562776
2019-11-15,East Lake Bonney,0.1001544104599448,0.0645935835434001,2020,0.9354064164565999,0.428362742701418,Nov,0.35877668489858516,0.4433150428664233
2019-11-17,Lake Fryxell,0.3507630377627605,0.41067006877240014,2020,0.5893299312275999,0.47638776496380425,Nov,0.3837129977481717,0.3600886563026688
2019-11-17,Lake Hoare,0.3448189409913086,0.2086201793381146,2020,0.7913798206618854,0.47638776496380425,Nov,0.38605705268374835,0.4397670429056303
2019-11-17,West Lake Bonney,0.1797294362935209,0.05735981497427394,2020,0.9426401850257261,0.4074237668596954,Nov,0.31942051260993976,0.4229510874712866
2019-11-17,East Lake Bonney,0.11106276317444276,0.06441860271823113,2020,0.9355813972817688,0.4074237668596954,Nov,0.33869146223114555,0.42016745408061257
2019-11-24,Lake Fryxell,0.3629209542212209,0.40118031598189297,2020,0.598819684018107,0.4531045017653759,Nov,0.35310264521911433,0.3380150635031101
2019-11-24,Lake Hoare,0.6809405970573426,0.5102982010160174,2020,0.4897017989839826,0.4531045017653759,Nov,0.2276915790701592,0.29498441867875735
2019-11-24,West Lake Bonney,0.14404630497037704,0.03936488285784007,2020,0.9606351171421599,0.4929462152815984,Nov,0.3989664382177026,0.5248724592915355
2019-11-24,East Lake Bonney,0.17935449332526557,0.1468704126637291,2020,0.8531295873362709,0.4929462152815984,Nov,0.38905737625072556,0.4824776468528195
2019-11-26,Lake Fryxell,0.26597484970922985,0.43034221389980026,2020,0.5696577861001997,0.336801256932955,Nov,0.2623793309479191,0.19756105054422923
2019-11-27,Lake Fryxell,0.3271729677575367,0.34525562713251395,2020,0.654744372867486,0.4712999249985634,Nov,0.38737447855049745,0.38024358068896846
2019-11-27,Lake Hoare,0.4953904350210981,0.3768820473126003,2020,0.6231179526873998,0.4712999249985634,Nov,0.3210379097578857,0.3677716999023363
2019-11-27,West Lake Bonney,0.15757960401223522,0.03298895803677356,2020,0.9670110419632264,0.48053154883937627,Nov,0.38507498947738805,0.5136217459880956
2019-11-27,East Lake Bonney,0.1992020810724053,0.20105654928419325,2020,0.7989434507158067,0.48053154883937627,Nov,0.373393854771104,0.44734428081187344
2019-12-03,Lake Fryxell,0.30586725861784864,0.3537624351242009,2020,0.6462375648757991,0.4753183609056678,Dec,0.40023192363699633,0.38134445777014964
2019-12-03,Lake Hoare,0.44256500425862105,0.37765287756919863,2020,0.6223471224308014,0.4753183609056678,Dec,0.3463251590482376,0.3719232602897746
2019-12-03,West Lake Bonney,0.170413374928474,0.04840199753422947,2020,0.9515980024657705,0.48427319907693134,Dec,0.3845153017052327,0.511692257480341
2019-12-03,East Lake Bonney,0.1805283613820523,0.1780348766181204,2020,0.8219651233818797,0.48427319907693134,Dec,0.3816765826365506,0.4605715234625152
2019-12-17,Lake Fryxell,0.10646827542222365,0.11620287131518126,2020,0.8837971286848187,0.6608473194534615,Dec,0.6845746149828076,0.680735776480325
2019-12-17,Lake Hoare,0.10824091329920056,0.06805026293233303,2020,0.9319497370676669,0.6608473194534615,Dec,0.6838755751245613,0.6997247606238547
2019-12-17,West Lake Bonney,0.07813128897702953,0.04962111943784882,2020,0.9503788805621511,0.6105517901856788,Dec,0.513081077018791,0.6512259181856759
2019-12-17,East Lake Bonney,0.03696700029292227,0.01199737814840962,2020,0.9880026218515904,0.6105517901856788,Dec,0.5246336235073699,0.6660628429288826
2019-12-24,Lake Fryxell,0.15005561436174888,0.18504041937344215,2020,0.8149595806265578,0.5505796970457102,Dec,0.5451240698081787,0.5313278097520329
2019-12-24,Lake Hoare,0.19749870184990692,0.1615859491484506,2020,0.8384140508515494,0.5505796970457102,Dec,0.5264148852740835,0.5405770815600353
2019-12-24,West Lake Bonney,0.0661812183398102,0.03514050358139416,2020,0.9648594964186058,0.584475981547252,Dec,0.4952345952047761,0.6280241707075807
2019-12-24,East Lake Bonney,0.06201063431805467,0.04362839619106024,2020,0.9563716038089398,0.584475981547252,Dec,0.4964050482196598,0.6246769697232548
2019-12-26,Lake Fryxell,0.12803233213823903,0.1659239520702292,2020,0.8340760479297709,0.5371890370029896,Dec,0.5389617365292525,0.524019173826512
2019-12-26,Lake Hoare,0.17201587359192383,0.14182504040322133,2020,0.8581749595967787,0.5371890370029896,Dec,0.5216168241913821,0.5335225811576948
2019-12-26,West Lake Bonney,0.07156597610770057,0.03548217652475133,2020,0.9645178234752487,0.5824219781571897,Dec,0.49205344047299815,0.6256120063584667
2019-12-26,East Lake Bonney,0.08543220646462088,0.06514176246719554,2020,0.9348582375328045,0.5824219781571897,Dec,0.4881619540428801,0.6139157467771199
2019-12-31,Lake Fryxell,0.1188512532094397,0.17294517110156662,2020,0.8270548288984334,0.4839350563535018,Dec,0.4835356652072285,0.46220372528513537
2019-12-31,Lake Hoare,0.2937440399394836,0.2931370032685144,2020,0.7068629967314857,0.4839350563535018,Dec,0.41456668376327677,0.414806068712643
2019-12-31,West Lake Bonney,0.06451316159775011,0.01200793176437454,2020,0.9879920682356255,0.5600902694442069,Dec,0.4758766047064765,0.6101082577416461
2019-12-31,East Lake Bonney,0.04830837074170161,0.0395563070711904,2020,0.9604436929288096,0.5600902694442069,Dec,0.4804243961462562,0.5992445542072087
2020-01-02,Lake Fryxell,0.15354693244266576,0.24267248042366085,2020,0.7573275195763391,0.5451394449357839,Jan,0.5377152580844247,0.5025685926340575
2020-01-02,Lake Hoare,0.28828719874980246,0.2541857374565942,2020,0.7458142625434059,0.5451394449357839,Jan,0.48458042559396813,0.49802833899918636
2020-01-02,West Lake Bonney,0.06511342877732883,0.01545779069976347,2020,0.9845422093002365,0.5729615688520885,Jan,0.4861727932552108,0.623019168081538
2020-01-02,East Lake Bonney,0.07405091496071056,0.06785200429559929,2020,0.9321479957044008,0.5729615688520885,Jan,0.48366453359798967,0.6023575066555618
2020-01-11,Lake Fryxell,0.1432201603554386,0.21479987857096336,2020,0.7852001214290366,0.6121221292291847,Jan,0.6160562816534958,0.5878288152743935
2020-01-11,Lake Hoare,0.16278427262134068,0.15815833950681346,2020,0.8418416604931865,0.6121221292291847,Jan,0.6083411727512794,0.610165409765864
2020-01-11,West Lake Bonney,0.03597359867669187,0.00899803395237968,2020,0.9910019660476204,0.6106168331291009,Jan,0.5249652979241595,0.6673177524272379
2020-01-11,East Lake Bonney,0.07495083827336778,0.06889656361124287,2020,0.9311034363887571,0.6106168331291009,Jan,0.5140265355446476,0.6436967634899482
2020-01-20,Lake Fryxell,0.19046059248752423,0.28015047092648115,2020,0.7198495290735188,0.5635961242183972,Jan,0.5436226404673252,0.5082534312653766
2020-01-20,Lake Hoare,0.18991115658155008,0.22996080304895128,2020,0.7700391969510487,0.5635961242183972,Jan,0.5438393105513937,0.5280457299487209
2020-01-20,West Lake Bonney,0.07986203953390777,0.02527908270038845,2020,0.9747209172996115,0.5519897402770297,Jan,0.4649831118676747,0.5958931222210135
2020-01-20,East Lake Bonney,0.11390582676662116,0.11153912455036467,2020,0.8884608754496354,0.5519897402770297,Jan,0.45542889759055416,0.5618764692935918
2020-10-30,Lake Fryxell,0.3224698399633441,0.2447832634343821,2021,0.7552167365656179,0.5256083944208144,Oct,0.4494449774257193,0.48008068376471436
2020-10-30,Lake Hoare,0.3931255274702136,0.198936151979225,2021,0.801063848020775,0.5256083944208144,Oct,0.42158190261467665,0.49816049504984344
2020-10-30,West Lake Bonney,0.19025459653571164,0.04762832789599676,2021,0.9523716721040032,0.4267346092013979,Oct,0.33216682133395187,0.4482000603666375
2020-10-30,East Lake Bonney,0.12613619787286903,0.12581513843378395,2021,0.874184861566216,0.4267346092013979,Oct,0.35016132105700204,0.4173670867148084
2020-11-08,Lake Fryxell,0.2029945874674244,0.12566109352252064,2021,0.8743389064774794,0.6607245713425072,Nov,0.6463733578415533,0.6768698260413237
2020-11-15,Lake Fryxell,0.3641162895255463,0.30848853465388804,2021,0.691511465346112,0.5027577835965984,Nov,0.4076855337266051,0.4296223423580215
2020-11-15,Lake Hoare,0.4612387623292643,0.2668117378439222,2021,0.7331882621560778,0.5027577835965984,Nov,0.36938528046956415,0.4460575898005971
2020-11-15,West Lake Bonney,0.16472283950110211,0.03595437145390058,2021,0.9640456285460994,0.45352486735883624,Nov,0.3611132490656566,0.48250802814277177
2020-11-15,East Lake Bonney,0.1333188688907123,0.16409242148055692,2021,0.8359075785194431,0.45352486735883624,Nov,0.3699266123472761,0.4319767800576587
2020-11-17,Lake Fryxell,0.35502396408278986,0.30140648387810764,2021,0.6985935161218924,0.512001543608795,Nov,0.4215203338146656,0.44266439050475737
2020-11-17,Lake Hoare,0.45511222725961265,0.2689233816095761,2021,0.7310766183904239,0.512001543608795,Nov,0.3820505209375069,0.45547410392683463
2020-11-17,West Lake Bonney,0.14782717442155244,0.04495517790543518,2021,0.9550448220945649,0.4345885438024309,Nov,0.3504592818871673,0.4579624558988497
2020-11-17,East Lake Bonney,0.1318187682081893,0.15369041681294254,2021,0.8463095831870575,0.4345885438024309,Nov,0.3549519589842292,0.41508270759858856
2020-11-19,Lake Fryxell,0.34922883621227624,0.29480253116172905,2021,0.705197468838271,0.4997935867301463,Nov,0.410269777391688,0.4317327942106041
2020-11-19,Lake Hoare,0.45787903622156234,0.26686580372708185,2021,0.7331341962729181,0.4997935867301463,Nov,0.3674235641862875,0.4427496444310708
2020-11-19,West Lake Bonney,0.12170085712503433,0.03402134578979766,2021,0.9659786542102023,0.4305501898740202,Nov,0.354508227975681,0.4577965913489382
2020-11-19,East Lake Bonney,0.1142813420440233,0.12326827105048492,2021,0.8767317289495151,0.4305501898740202,Nov,0.35659047682865785,0.42260206076069234
2020-11-24,Lake Fryxell,0.3424117451114751,0.2972602804794031,2021,0.7027397195205969,0.5062237740225112,Nov,0.4200877223298686,0.43789320524657294
2020-11-24,Lake Hoare,0.44978299921605647,0.2703171217015811,2021,0.7296828782984188,0.5062237740225112,Nov,0.3777458615224063,0.4485182416047467
2020-11-24,West Lake Bonney,0.10856411298590168,0.01627658164173173,2021,0.9837234183582683,0.4633996852030248,Nov,0.3849023524437044,0.5012169073017405
2020-11-24,East Lake Bonney,0.17154956043281328,0.18930390960088483,2021,0.8106960903991152,0.4633996852030248,Nov,0.3672258096685267,0.4329835696413865
2020-11-26,Lake Fryxell,0.3406477919154078,0.3052914808778202,2021,0.6947085191221798,0.4910753159951634,Nov,0.40398712063175213,0.4179298841125691
2020-11-26,Lake Hoare,0.43260422727683695,0.2808134023632322,2021,0.7191865976367677,0.4910753159951634,Nov,0.3677240945649094,0.4275828159139365
2020-11-26,West Lake Bonney,0.1162051982962692,0.03075584201210671,2021,0.9692441579878933,0.4732593135310747,Nov,0.3907740164487463,0.5064391098325671
2020-11-26,East Lake Bonney,0.2138461616707522,0.23962240881390043,2021,0.7603775911860996,0.4732593135310747,Nov,0.3633715808757774,0.4240725660811077
2020-11-28,Lake Fryxell,0.3212808646008433,0.3122784302041337,2021,0.6877215697958663,0.4901607197493389,Nov,0.410610389076945,0.41416049964734514
2020-11-29,Lake Fryxell,0.3177069151507537,0.3114145253511036,2021,0.6885854746488964,0.49675006491206614,Nov,0.41932587101348623,0.4218072753266329
2020-11-29,Lake Hoare,0.41811143726110456,0.31166262711797443,2021,0.6883373728820256,0.49675006491206614,Nov,0.37973134140600495,0.42170943637926717
2020-11-29,West Lake Bonney,0.12784536658313989,0.03309620380947736,2021,0.9669037961905227,0.5030240588232279,Nov,0.4117066576723982,0.5385185643970152
2020-11-29,East Lake Bonney,0.22224254750079667,0.25652421260321584,2021,0.7434757873967841,0.5030240588232279,Nov,0.3852145730086578,0.4504097150804338
2020-12-01,Lake Fryxell,0.33210589252229566,0.3839548598317539,2021,0.6160451401682461,0.4893565097347838,Dec,0.4054498514621441,0.38500320794348497
2020-12-01,Lake Hoare,0.39880472045119214,0.30602566812719617,2021,0.6939743318728038,0.4893565097347838,Dec,0.37914716447447566,0.4157345895922314
2020-12-01,West Lake Bonney,0.1439002698540473,0.03790674725999398,2021,0.962093252740006,0.5351147453384034,Dec,0.43329136770749566,0.5722028458787465
2020-12-01,East Lake Bonney,0.2036080441453121,0.23224761762000895,2021,0.767752382379991,0.5351147453384034,Dec,0.41653468709234576,0.4955645114324535
2020-12-03,Lake Fryxell,0.3149458376197134,0.3828270058421528,2021,0.6171729941578472,0.5103758652784256,Dec,0.4355226356026695,0.40875369264589895
2020-12-03,Lake Hoare,0.3406728478175838,0.26678970498698096,2021,0.733210295013019,0.5103758652784256,Dec,0.425377187513469,0.45451300953436274
2020-12-03,West Lake Bonney,0.14204622144445259,0.02716518764453426,2021,0.9728348123554658,0.5229790334580241,Dec,0.4239450953226707,0.5629830185027971
2020-12-03,East Lake Bonney,0.19321009169757608,0.2091030568988235,2021,0.7908969431011765,0.5229790334580241,Dec,0.4095862175543533,0.49123580832242647
2020-12-08,Lake Fryxell,0.2603409679334745,0.4097272744950126,2021,0.5902727255049873,0.49419139106712545,Dec,0.43911114481264185,0.38020064542694415
2020-12-08,Lake Hoare,0.2322202611919606,0.2501536292689187,2021,0.7498463707310813,0.49419139106712545,Dec,0.4502005472843398,0.4431285224555718
2020-12-08,West Lake Bonney,0.1061864767760808,0.02397737028043005,2021,0.97602262971957,0.5351757325470782,Dec,0.44392513424819535,0.5777635175992175
2020-12-08,East Lake Bonney,0.1133647299494499,0.08504626846837776,2021,0.9149537315316223,0.5351757325470782,Dec,0.4419105943121719,0.5536809937588926
2020-12-10,Lake Fryxell,0.2339182736500845,0.3905626789611928,2021,0.6094373210388072,0.5165433846743462,Dec,0.47431424584260007,0.41254151475863254
2020-12-10,Lake Hoare,0.24678172865047732,0.32087800800800326,2021,0.6791219919919967,0.5165433846743462,Dec,0.4692415415543631,0.4400216691306756
2020-12-10,West Lake Bonney,0.10384597143352396,0.02258413834143164,2021,0.9774158616585683,0.5682120594818442,Dec,0.4714412478899612,0.6149427598283943
2020-12-10,East Lake Bonney,0.09303474337704372,0.06174435762006598,2021,0.938255642379934,0.5682120594818442,Dec,0.47447536359349174,0.5994999248935373
2020-12-14,Lake Fryxell,0.23993095283778484,0.3241825221162854,2021,0.6758174778837146,0.5312762811283384,Dec,0.48827859830119646,0.4550539866586254
2020-12-15,Lake Fryxell,0.2936988228443391,0.34538931969334097,2021,0.654610680306659,0.510173136811358,Dec,0.44367661715727136,0.42329246647465757
2020-12-15,Lake Hoare,0.49339166279246166,0.6165983387402125,2021,0.3834016612597875,0.510173136811358,Dec,0.36492773316738536,0.3163411727603651
2020-12-15,West Lake Bonney,0.10270226907529802,0.02868744289084776,2021,0.9713125571091522,0.5793922313731773,Dec,0.48085194855506674,0.624932205463323
2020-12-15,East Lake Bonney,0.16449685194878474,0.12912973474573206,2021,0.8708702652542679,0.5793922313731773,Dec,0.4635096158145058,0.58532278135471
2020-12-21,Lake Fryxell,0.22102189835346855,0.3489869324599995,2021,0.6510130675400005,0.5138375994009756,Dec,0.4763998278283162,0.4259368085821835
2020-12-21,Lake Hoare,0.40261960654246914,0.6387473404407501,2021,0.3612526595592499,0.5138375994009756,Dec,0.40478676018543086,0.31166977347533625
2020-12-21,West Lake Bonney,0.12840213345022475,0.03254277209806092,2021,0.9674572279019391,0.5658333871500068,Dec,0.46261577387116903,0.6083781618890961
2020-12-21,East Lake Bonney,0.08357909731652576,0.09274920423825582,2021,0.9072507957617442,0.5658333871500068,Dec,0.47519512906585093,0.5846357515889329
2020-12-24,Lake Fryxell,0.3090377395296917,0.3833563108654583,2021,0.6166436891345417,0.5015296114191018,Dec,0.4280439979743192,0.3987364646950351
2020-12-24,Lake Hoare,0.4840218817170074,0.7027057494435992,2021,0.2972942505564008,0.5015296114191018,Dec,0.359038990500048,0.2728009935115995
2020-12-24,West Lake Bonney,0.10452384561432318,0.01286019697103229,2021,0.9871398030289678,0.6011876610095721,Dec,0.49806089770372075,0.6553398870917941
2020-12-24,East Lake Bonney,0.09010519908871951,0.13432148133439045,2021,0.8656785186656095,0.6011876610095721,Dec,0.502107416898251,0.6074416219658263
2020-12-26,Lake Fryxell,0.2892884736259654,0.3891140546868829,2021,0.610885945313117,0.5112586659595718,Dec,0.44661944516979246,0.40725322100155803
2020-12-30,Lake Fryxell,0.31842081243688675,0.4148096088320017,2021,0.5851903911679983,0.4924977344163716,Dec,0.41432947198222436,0.3763185440630483
2021-01-06,Lake Fryxell,0.3391409965767955,0.4467316120862961,2021,0.5532683879137039,0.4777034562147818,Jan,0.38975495470223515,0.34732658871095
2021-01-13,Lake Fryxell,0.3162915405460752,0.4577604979276657,2021,0.5422395020723343,0.466213833735768,Jan,0.3860262441838513,0.3302379519450953
2021-01-13,Lake Hoare,0.5361977866655443,0.7101177505084446,2021,0.2898822494915554,0.466213833735768,Jan,0.2993062021993105,0.23072085352207328
2021-01-13,West Lake Bonney,0.09016170243619324,0.01445626107028254,2021,0.9855437389297175,0.5190309267804928,Jan,0.4352963216148883,0.5636172263716931
2021-01-13,East Lake Bonney,0.0462913742871742,0.07194163210396827,2021,0.9280583678960317,0.5190309267804928,Jan,0.44760830420008535,0.5409478666899774
2021-01-16,Lake Fryxell,0.34340434389434515,0.45847932643750133,2021,0.5415206735624987,0.49212043875132905,Jan,0.4040588791485978,0.3586790525469863
2021-01-16,Lake Hoare,0.5276946063376055,0.7761204361915588,2021,0.2238795638084412,0.49212043875132905,Jan,0.331384002566242,0.23341726094274473
2021-01-16,West Lake Bonney,0.10291468277780148,0.03178740553438033,2021,0.9682125944656197,0.5444569596765377,Jan,0.4523891889210928,0.5849744132500846
2021-01-16,East Lake Bonney,0.26301213191340006,0.2020285270832203,2021,0.7979714729167797,0.5444569596765377,Jan,0.4074586609570334,0.5178398162628294
2021-01-18,Lake Fryxell,0.3870561980075865,0.48738492061110106,2021,0.5126150793888989,0.5474558319871968,Jan,0.44819921431646403,0.4086345762492698
2021-01-18,Lake Hoare,0.7434965019691281,0.8990616100175041,2021,0.10093838998249594,0.5474558319871968,Jan,0.3076369580368742,0.24628984789632957
2021-01-18,West Lake Bonney,0.09339490972835458,0.02643739004345073,2021,0.9735626099565493,0.55354283968135,Jan,0.46244788534584136,0.5971583799223654
2021-01-18,East Lake Bonney,0.07083968710603752,0.0959540291338743,2021,0.9040459708661257,0.55354283968135,Jan,0.46877789288961724,0.5697444889259697
2021-01-22,Lake Fryxell,0.40837692247581897,0.5585279587437125,2021,0.4414720412562875,0.4401501237271838,Jan,0.3208136034245669,0.261601532831083
2021-01-22,Lake Hoare,0.6429492816692446,0.8811818957328796,2021,0.11881810426712036,0.4401501237271838,Jan,0.22830997882713122,0.13436293249147796
2021-01-22,West Lake Bonney,0.10333535825548062,0.02219540151139988,2021,0.9778045984886001,0.5535226401161903,Jan,0.459641726758792,0.5988088116135802
2021-01-22,East Lake Bonney,0.04966572896386895,0.0681896034142011,2021,0.9318103965857989,0.5535226401161903,Jan,0.4747038329492851,0.5806709952011739
2021-02-01,Lake Fryxell,0.3940147330492676,0.5085743893595303,2021,0.49142561064046975,0.4500454026159314,Feb,0.33744896191192564,0.29227235424265857
2021-02-01,Lake Hoare,0.6117574144572746,0.8276438065937587,2021,0.1723561934062413,0.4500454026159314,Feb,0.25158212180739115,0.16644730949380204
2021-02-01,West Lake Bonney,0.12377482409490508,0.04617835623695796,2021,0.953821643763042,0.517426770888109,Feb,0.4245587572822793,0.5493289697654833
2021-02-01,East Lake Bonney,0.13720019393516297,0.1925771070892181,2021,0.8074228929107818,0.517426770888109,Feb,0.42079099609499987,0.4915966131615917
2021-10-31,Lake Fryxell,0.3706248747670248,0.4899240793550716,2022,0.5100759206449283,0.5240321017546709,Oct,0.42870728406183845,0.38166163523121255
2021-10-31,Lake Hoare,0.6979743738581494,0.7300466179847718,2022,0.2699533820152282,0.5240321017546709,Oct,0.2996169885120776,0.28696929702409624
2021-10-31,West Lake Bonney,0.15440183727699827,0.11266386181609156,2022,0.8873361381839084,0.3622640161810435,Oct,0.2898126995120548,0.35106997467618367
2021-10-31,East Lake Bonney,0.2068619586456788,0.23233998213653212,2022,0.7676600178634678,0.3622640161810435,Oct,0.27509003551659617,0.3038756891027884
2021-11-04,Lake Fryxell,0.37541994173971177,0.49967286341330586,2022,0.5003271365866941,0.5191229031729715,Nov,0.42137315723765145,0.3723740097628586
2021-11-04,Lake Hoare,0.6968047809891584,0.7309542587825231,2022,0.26904574121747693,0.5191229031729715,Nov,0.2946350256715038,0.28116817695642976
2021-11-04,West Lake Bonney,0.14892485722816418,0.10949542058412642,2022,0.8905045794158736,0.36349128764141186,Nov,0.2923475846513594,0.3536802163898774
2021-11-04,East Lake Bonney,0.21161830316895075,0.24409998522864448,2022,0.7559000147713555,0.36349128764141186,Nov,0.27475299060120717,0.30059889785860716
2021-11-09,Lake Fryxell,0.4006946883813928,0.5437032527783338,2022,0.45629674722166624,0.483975954977084,Nov,0.3724360361567478,0.3160405997946806
2021-11-09,Lake Hoare,0.5628151729666605,0.5294891868318831,2022,0.47051081316811694,0.483975954977084,Nov,0.3085038128666891,0.3216459175944195
2021-11-09,West Lake Bonney,0.14277869469467763,0.09572804684969873,2022,0.9042719531503013,0.3668415660132738,Nov,0.2967963238909175,0.3628240827168478
2021-11-09,East Lake Bonney,0.21669515531066927,0.30489470103272687,2022,0.6951052989672731,0.3668415660132738,Nov,0.27605204833473285,0.2803391994877296
2021-11-11,Lake Fryxell,0.41637619020612665,0.5505295457208857,2022,0.44947045427911425,0.5052275907031211,Nov,0.38981529656917374,0.33691191238659524
2021-11-11,Lake Hoare,0.6965013754658582,0.7288268906729561,2022,0.27117310932704386,0.5052275907031211,Nov,0.2793479121482067,0.2666003431937146
2021-11-11,West Lake Bonney,0.13270141545190914,0.08572248285225428,2022,0.9142775171477457,0.35866109853063355,Nov,0.29297356003975433,0.35769948766618265
2021-11-11,East Lake Bonney,0.22313427361782717,0.2625128971343791,2022,0.7374871028656209,0.35866109853063355,Nov,0.2675940422233763,0.2879821766777482
2021-11-15,Lake Fryxell,0.4217745519532761,0.5586388190003002,2022,0.4413611809996998,0.48480122646380647,Nov,0.3650382302182559,0.31106579790247124
2021-11-20,Lake Fryxell,0.41323453295273904,0.5257345175041872,2022,0.4742654824958128,0.3847360414250371,Nov,0.2574563094527803,0.21309193347111033
2021-11-20,Lake Hoare,0.3704613940114998,0.3881629552159991,2022,0.6118370447840009,0.3847360414250371,Nov,0.2743238994837597,0.2673432877097216
2021-11-20,West Lake Bonney,0.09793084223642852,0.05659558530896902,2022,0.943404414691031,0.35545802644112734,Nov,0.30012757478322694,0.3656341984166211
2021-11-20,East Lake Bonney,0.18588005305106,0.24521678363283475,2022,0.7547832163671653,0.35545802644112734,Nov,0.27544507985742184,0.2912514169974267
2021-12-01,Lake Fryxell,0.30726577383047793,0.4214117373969104,2022,0.5785882626030896,0.5215970605942863,Dec,0.45099303911607797,0.40597957120635264
2021-12-02,Lake Fryxell,0.34619000929416305,0.4631337374448776,2022,0.5368662625551224,0.5100185813762735,Dec,0.422805347428665,0.3766885808792093
2021-12-02,Lake Hoare,0.5280262180072506,0.4524622576577323,2022,0.5475377423422677,0.5100185813762735,Dec,0.3510982270891095,0.38089687960427443
2021-12-02,West Lake Bonney,0.1362553636626513,0.06049929646884694,2022,0.9395007035311531,0.4169630321745121,Dec,0.33937692132349473,0.43228992232775215
2021-12-02,East Lake Bonney,0.2648231757929262,0.3680921090973748,2022,0.6319078909026252,0.4169630321745121,Dec,0.3032950242702531,0.31099067732678287
2021-12-04,Lake Fryxell,0.4421785547171659,0.5863184227662928,2022,0.41368157723370724,0.495022665512478,Dec,0.36832517654199426,0.31148361051355306
2021-12-04,Lake Hoare,0.7893347463956694,0.6227287139211383,2022,0.37727128607886173,0.495022665512478,Dec,0.23142411052498962,0.29712520990722296
2021-12-04,West Lake Bonney,0.10494504801080735,0.06799898751299172,2022,0.9320010124870083,0.4448081965804061,Dec,0.37080273395201013,0.4602064136572551
2021-12-04,East Lake Bonney,0.11535579880970662,0.24262052090079697,2022,0.757379479099203,0.4448081965804061,Dec,0.36788101013678176,0.39134440098587114
2021-12-06,Lake Fryxell,0.43612720241822234,0.5947278106913847,2022,0.4052721893086153,0.4637104583398687,Dec,0.33599336578027694,0.2734492059352207
2021-12-06,Lake Hoare,0.5175847067338665,0.4257914977414267,2022,0.5742085022585732,0.4637104583398687,Dec,0.3038705938314943,0.3400692515694627
2021-12-06,West Lake Bonney,0.1238913600549706,0.04121596432677881,2022,0.9587840356732212,0.4453564482255859,Dec,0.36593128933796615,0.4713761877171479
2021-12-06,East Lake Bonney,0.2775768628933067,0.38911954738475657,2022,0.6108804526152434,0.4453564482255859,Dec,0.32280024121551987,0.3341803878626528
2021-12-08,Lake Fryxell,0.418819624329442,0.5755377201473012,2022,0.4244622798526988,0.4619535266967945,Dec,0.34087057012152117,0.2790687791815829
2021-12-08,Lake Hoare,0.4109023356437683,0.3328231360231127,2022,0.6671768639768874,0.4619535266967945,Dec,0.3439927534125421,0.37478329069243405
2021-12-08,West Lake Bonney,0.11563829991544562,0.04521156675421961,2022,0.9547884332457803,0.4582302284331301,Dec,0.3787141357351809,0.4840746347228564
2021-12-08,East Lake Bonney,0.2521038683321028,0.3089808636241489,2022,0.6910191363758511,0.4582302284331301,Dec,0.3404157738875623,0.3800571959168381
2021-12-11,Lake Fryxell,0.3945348129464007,0.5095534684026942,2022,0.4904465315973058,0.4208034860509454,Dec,0.30482119089664367,0.2594635768852782
2021-12-11,Lake Hoare,0.11524506874299176,0.02386342243116814,2022,0.9761365775688319,0.4208034860509454,Dec,0.4149591190845188,0.4509954770535079
2021-12-11,West Lake Bonney,0.09491157678780753,0.04154102105188512,2022,0.9584589789481148,0.45424920795063867,Dec,0.3812943267713119,0.4811080625546502
2021-12-11,East Lake Bonney,0.21707637166665403,0.15997920472312857,2022,0.8400207952768715,0.45424920795063867,Dec,0.3470094036687669,0.43440195737670523
2021-12-18,Lake Fryxell,0.14374911479931937,0.17074418884208975,2022,0.8292558111579102,0.48647207049752167,Dec,0.4765301673030447,0.4658846581568742
2021-12-18,Lake Hoare,0.1845444640237199,0.16071095455970083,2022,0.8392890454402991,0.48647207049752167,Dec,0.46044251877126063,0.4698412647270068
2021-12-18,West Lake Bonney,0.08812288113633653,0.07123806719541523,2022,0.9287619328045847,0.4994135352597994,Dec,0.41991913414568816,0.5194740634352801
2021-12-18,East Lake Bonney,0.11633394910242628,0.1247624726715205,2022,0.8752375273284795,0.4994135352597994,Dec,0.41200184261487305,0.498366710770255
2021-12-20,Lake Fryxell,0.1506616112830287,0.15634760841288986,2022,0.8436523915871101,0.4545897097442729,Dec,0.43845389047930955,0.436211617153623
2021-12-20,Lake Hoare,0.1754309045258773,0.17615793347358705,2022,0.823842066526413,0.4545897097442729,Dec,0.42868611813154145,0.4283994142202978
2021-12-20,West Lake Bonney,0.07853759844670627,0.07621973585885237,2022,0.9237802641411477,0.49466935902843784,Dec,0.41875207460241626,0.5122493227179106
2021-12-20,East Lake Bonney,0.13542467207241807,0.16645570314703273,2022,0.8335442968529673,0.49466935902843784,Dec,0.40278700916175014,0.4766647633439336
2021-12-22,Lake Fryxell,0.12181927676614496,0.10679345090380486,2022,0.8932065490961951,0.4772021254595108,Dec,0.4748999260559189,0.480825361429531
2021-12-22,Lake Hoare,0.15520435041776204,0.15631693761263574,2022,0.8436830623873642,0.4772021254595108,Dec,0.4617345201622075,0.4612957713319515
2021-12-22,West Lake Bonney,0.07864604673972628,0.07737831320093178,2022,0.9226216867990682,0.49676043712781687,Dec,0.420421731784532,0.5141109707472366
2021-12-22,East Lake Bonney,0.14246196578474982,0.19074135532816097,2022,0.8092586446718391,0.49676043712781687,Dec,0.40251212141481235,0.46940624795628977
2021-12-24,Lake Fryxell,0.1440340991749721,0.17067413012880614,2022,0.8293258698711938,0.477446223455231,Dec,0.466410158958932,0.455904661077208
2021-12-24,Lake Hoare,0.15929305589411452,0.16315492364977088,2022,0.8368450763502291,0.477446223455231,Dec,0.4603927884172811,0.4588698606250104
2021-12-24,West Lake Bonney,0.08157504184344,0.07150834378348116,2022,0.9284916562165189,0.49521858335959074,Dec,0.41834616319324125,0.5147162261503562
2021-12-24,East Lake Bonney,0.07398246375134253,0.11606250987681926,2022,0.8839374901231807,0.49521858335959074,Dec,0.42047698129264366,0.4971462879499586
2022-01-05,Lake Fryxell,0.28580004940278975,0.2834263468051658,2022,0.7165736531948341,0.5226299484701444,Jan,0.46060328813947,0.4615393579080973
2022-01-05,Lake Hoare,0.21599056077803053,0.22043498413903373,2022,0.7795650158609663,0.5226299484701444,Jan,0.48813266436814484,0.4863800057362755
2022-01-05,West Lake Bonney,0.03934689099604981,0.05859428517835434,2022,0.9414057148216457,0.544992959200056,Jan,0.470664943087717,0.5749974209250248
2022-01-05,East Lake Bonney,0.26987691215900433,0.3627142415554435,2022,0.6372857584445565,0.544992959200056,Jan,0.4059678750310953,0.4550676970051776
2022-01-07,Lake Fryxell,0.2931803475615016,0.32032135961686864,2022,0.6796786403831314,0.5008867579748559,Jan,0.43358458229437136,0.422881522483757
2022-01-07,Lake Hoare,0.19448344622670513,0.22401145207030432,2022,0.7759885479296957,0.5008867579748559,Jan,0.47250571154164045,0.4608613405805467
2022-01-07,West Lake Bonney,0.03968294606010858,0.04918146843556315,2022,0.9508185315644369,0.5141979175745004,Jan,0.4455335825514254,0.5445646236023567
2022-01-07,East Lake Bonney,0.18350912881505504,0.30048219075909366,2022,0.6995178092409063,0.5141979175745004,Jan,0.4051695020421742,0.4454641679527134
2022-01-12,Lake Fryxell,0.22843462222423488,0.26891453301205354,2022,0.7310854669879465,0.5730564181961675,Jan,0.5391369076670744,0.5231736523025907
2022-01-12,Lake Hoare,0.13851746546513424,0.1883215129375458,2022,0.8116784870624543,0.5730564181961675,Jan,0.5745957440888627,0.5549555148365239
2022-01-12,West Lake Bonney,0.0522186670477754,0.04400059005916666,2022,0.9559994099408333,0.4914783244779648,Jan,0.4235439662032059,0.5214168086732787
2022-01-12,East Lake Bonney,0.16107352125319488,0.2784503862399746,2022,0.7215496137600255,0.4914783244779648,Jan,0.3929944096843026,0.4289615168075754
2022-01-14,Lake Fryxell,0.2666301107655706,0.3053462242378908,2022,0.6946537757621092,0.5499365356294943,Jan,0.4984397891503174,0.483172087368105
2022-01-14,Lake Hoare,0.1317184037269979,0.17085529203925814,2022,0.8291447079607419,0.5499365356294943,Jan,0.5516422293039958,0.5362085949371953
2022-01-14,West Lake Bonney,0.06217994319214913,0.04915604962522647,2022,0.9508439503747735,0.49332431413609873,Jan,0.4222492154725671,0.5214305382492276
2022-01-14,East Lake Bonney,0.16955025896508857,0.2904922136278064,2022,0.7095077863721936,0.49332431413609873,Jan,0.39211628705057855,0.42625960680000546
2022-01-16,Lake Fryxell,0.27508319311542534,0.30394622683525085,2022,0.6960537731647491,0.5208070911036358,Jan,0.4628083441943094,0.45142620503203806
2022-01-16,Lake Hoare,0.13278640568462236,0.17327228422675814,2022,0.8267277157732419,0.5208070911036358,Jan,0.5189230912650249,0.5029574825162508
2022-01-16,West Lake Bonney,0.07668972432482624,0.06146519630462589,2022,0.9385348036953741,0.4864685173805767,Jan,0.4126032057665624,0.508974896131529
2022-01-16,East Lake Bonney,0.17215601669393485,0.2842147795414483,2022,0.7157852204585518,0.4864685173805767,Jan,0.38581108045741813,0.42113358397597583
2022-01-19,Lake Fryxell,0.3746305674361942,0.3741923312053961,2022,0.6258076687946039,0.4685557872982583,Jan,0.3656169425350492,0.36578976102022004
2022-01-19,Lake Hoare,0.3319500987413453,0.34897466472217015,2022,0.6510253352778299,0.4685557872982583,Jan,0.3824479880485377,0.3757343493835239
2022-01-19,West Lake Bonney,0.0100663059424706,0.00432196359008016,2022,0.9956780364099198,0.46402603404077714,Jan,0.41305449222457813,0.5066256910028417
2022-01-19,East Lake Bonney,0.0964051321702214,0.206223324668584,2022,0.7937766753314159,0.46402603404077714,Jan,0.3888239434734585,0.42700587656632183
2022-01-21,Lake Fryxell,0.442704296891423,0.4966057828244041,2022,0.5033942171755958,0.4350872129722129,Jan,0.3016629772385552,0.2804069228716509
2022-01-25,Lake Fryxell,0.3876780520888172,0.4057814820724375,2022,0.5942185179275625,0.431071808294384,Jan,0.3189104039371014,0.3117713151847481
2022-01-25,Lake Hoare,0.3932395685155217,0.3897287505013602,2022,0.6102712494986398,0.431071808294384,Jan,0.3167172195845319,0.31810171088917066
2022-01-25,West Lake Bonney,0.06347265405547456,0.03520686887735363,2022,0.9647931311226464,0.4423052557563482,Jan,0.38040680248149294,0.47036279193586833
2022-01-25,East Lake Bonney,0.23018917323928487,0.4298187340299288,2022,0.5701812659700711,0.4423052557563482,Jan,0.33361866645744903,0.31474757810043197
2022-01-28,Lake Fryxell,0.3723055614714173,0.39627573682981376,2022,0.6037242631701862,0.43973262054367257,Jan,0.3345754302202874,0.32512279006050016
2022-01-28,Lake Hoare,0.38437123239040377,0.3835302403994969,2022,0.6164697596005031,0.43973262054367257,Jan,0.3298173321347163,0.3301489773792106
2022-01-28,West Lake Bonney,0.14046895868015818,0.03161079233156189,2022,0.9683892076684382,0.4573158844197824,Jan,0.3710021568487069,0.48842430008137816
2022-01-28,East Lake Bonney,0.19335329608868343,0.36513340144797607,2022,0.6348665985520239,0.4573158844197824,Jan,0.3561604387974594,0.3568996382049897
2022-11-07,Lake Fryxell,0.5629135056023618,0.5979703130090938,2023,0.40202968699090624,0.372535447182771,Nov,0.18490269521370487,0.17107804100854807
2022-11-14,Lake Fryxell,0.3987291261852712,0.3920920771711013,2023,0.6079079228288987,0.4446124326504431,Nov,0.329565904715879,0.33218322541194323
2022-11-14,Lake Hoare,5.41679038487706e-4,4.403198537017618e-4,2023,0.9995596801462983,0.4446124326504431,Nov,0.4865911495355579,0.4866311205364515
2022-11-14,West Lake Bonney,0.10967205424287373,0.05010933859910652,2023,0.9498906614008935,0.41538588688402706,Nov,0.3455551368424574,0.4346385051381224
2022-11-14,East Lake Bonney,0.33211749837918275,0.5325448634447875,2023,0.46745513655521254,0.41538588688402706,Nov,0.2831269638627688,0.24439002558050849
2022-11-16,Lake Fryxell,0.49874618390083103,0.412689547328388,2023,0.587310452671612,0.4155687122179034,Nov,0.25792124896485147,0.29185768900828823
2022-11-16,Lake Hoare,0.00914112366777993,0.04864080126530357,2023,0.9513591987346964,0.4155687122179034,Nov,0.4509970352532829,0.4354203349090273
2022-11-16,West Lake Bonney,0.13325786615146154,0.0566034703857868,2023,0.9433965296142132,0.39323945674795424,Nov,0.320930363287961,0.4075221574187383
2022-11-16,East Lake Bonney,0.42634548538332295,0.5937708329271387,2023,0.4062291670728613,0.39323945674795424,Nov,0.2386768261896698,0.19569017422439236
2022-11-18,Lake Fryxell,0.5170188466670764,0.5186090307576315,2023,0.48139096924236846,0.3752227309838738,Nov,0.2059808473221775,0.20535375812607903
2022-11-19,Lake Fryxell,0.542093831392707,0.5737365922507118,2023,0.42626340774928817,0.37150055391667947,Nov,0.1919654722771853,0.17948714754318845
2022-11-19,Lake Hoare,0.3831203185258115,0.3616113756384168,2023,0.6383886243615833,0.37150055391667947,Nov,0.25465668707222777,0.2631387400523174
2022-11-19,West Lake Bonney,0.11244481176835122,0.05078488201936981,2023,0.9492151179806302,0.4067828833544888,Nov,0.33778254494943194,0.42483331771301835
2022-11-19,East Lake Bonney,0.3375651143877003,0.5458080813840583,2023,0.45419191861594166,0.4067828833544888,Nov,0.27460368665576096,0.22962088791734236
2022-11-21,Lake Fryxell,0.603444854460485,0.6406280766515171,2023,0.3593719233484829,0.3360881567426994,Nov,0.1285073463878481,0.11384414037879725
2022-11-21,Lake Hoare,0.6070480696457188,0.6118282794952392,2023,0.3881717205047608,0.3360881567426994,Nov,0.12708641825298717,0.12520134219825738
2022-11-21,West Lake Bonney,0.11268677128201364,0.05257463392712559,2023,0.9474253660728744,0.3977614820033046,Nov,0.33038004187609754,0.4141248334648175
2022-11-21,East Lake Bonney,0.3378032919410528,0.5504091197693789,2023,0.4495908802306211,0.3977614820033046,Nov,0.26720224497018996,0.21780377266994497
2022-11-23,Lake Fryxell,0.5709280168413678,0.626831698067048,2023,0.37316830193295203,0.385675842706321,Nov,0.1963119014134387,0.17426628120696402
2022-11-23,Lake Hoare,0.6416674074894044,0.6296778389385769,2023,0.3703221610614231,0.385675842706321,Nov,0.16841581826341373,0.17314390537531615
2022-11-23,West Lake Bonney,0.09811207318108492,0.05054242355639443,2023,0.9494575764436056,0.4004212183687685,Nov,0.3366327805032827,0.417875282342821
2022-11-23,East Lake Bonney,0.3288956967958181,0.5097346645814401,2023,0.4902653354185599,0.4004212183687685,Nov,0.2718645402192901,0.23679279322137245
2022-11-28,Lake Fryxell,0.4247207452813151,0.4547322331105962,2023,0.5452677668894038,0.40827033382117733,Nov,0.27902093296144925,0.26718590084890126
2022-11-28,Lake Hoare,0.17110048581902845,0.15837885439395905,2023,0.841621145606041,0.40827033382117733,Nov,0.37903609822760953,0.3840528743800001
2022-11-28,West Lake Bonney,0.09531616863109212,0.03747517797883654,2023,0.9625248220211635,0.4082470552280156,Nov,0.3437800148370713,0.4317054360771259
2022-11-28,East Lake Bonney,0.29752306416029084,0.39818862257180393,2023,0.6018113774281961,0.4082470552280156,Nov,0.28703168672095425,0.2894580665208456
2022-12-04,Lake Fryxell,0.35311206247967664,0.47371176449028224,2023,0.5262882355097178,0.4258249160303494,Dec,0.32672388626814985,0.2791653861971648
2022-12-05,Lake Fryxell,0.28281394055511244,0.45459618287927966,2023,0.5454038171207203,0.41370342342836247,Dec,0.34100595895012026,0.27326362088821166
2022-12-05,Lake Hoare,0.19693058302853167,0.11326307516012872,2023,0.8867369248398713,0.41370342342836247,Dec,0.3748740663909258,0.4078683533797001
2022-12-05,West Lake Bonney,0.06055799954829799,0.02831522063677445,2023,0.9716847793632255,0.477006172440727,Dec,0.40943739634101295,0.5115559888529208
2022-12-05,East Lake Bonney,0.21388948821417147,0.29084339693740563,2023,0.7091566030625944,0.477006172440727,Dec,0.3664057004803384,0.40802798602144474
2022-12-11,Lake Fryxell,0.1801032298277377,0.23322004079818728,2023,0.7667799592018127,0.4824032993766354,Dec,0.4576825720306147,0.4367359542845238
2022-12-11,Lake Hoare,0.3381563076885735,0.3183261624404362,2023,0.6816738375595638,0.4824032993766354,Dec,0.3953543308380872,0.4031743498635757
2022-12-11,West Lake Bonney,0.09259882397120836,0.05108500413103577,2023,0.9489149958689642,0.4812735816039857,Dec,0.4039148011234085,0.5073083157267196
2022-12-11,East Lake Bonney,0.3586031637514263,0.421815824508667,2023,0.578184175491333,0.4812735816039857,Dec,0.3292620474937524,0.36111059339988166
2022-12-16,Lake Fryxell,0.2241618993814557,0.21422486533136928,2023,0.7857751346686307,0.490181829786252,Dec,0.4489326653784423,0.45285133538091754
2022-12-16,Lake Hoare,0.1054640857814584,0.13899467065930363,2023,0.8610053293406964,0.490181829786252,Dec,0.4957411556351165,0.4825183673801925
2022-12-16,West Lake Bonney,0.06093188035406507,0.05646253643242423,2023,0.9435374635675757,0.5361993102634312,Dec,0.4574577958953622,0.5660879066671612
2022-12-16,East Lake Bonney,0.1825287304767708,0.25630190515959705,2023,0.743698094840403,0.5361993102634312,Dec,0.4233322635756536,0.48728123904404336
2022-12-18,Lake Fryxell,0.25113306729236395,0.24088209889390888,2023,0.7591179011060911,0.4846491973886845,Dec,0.4321621445346682,0.4362046145671623
2022-12-18,Lake Hoare,0.09925499069982878,0.14871561293091093,2023,0.851284387069089,0.4846491973886845,Dec,0.4920552735887678,0.47255047410194134
2022-12-18,West Lake Bonney,0.06516692353553798,0.06192180760862196,2023,0.938078192391378,0.5419050182176179,Dec,0.4609081192244554,0.5702613834989909
2022-12-18,East Lake Bonney,0.21713662826564345,0.30524109497114466,2023,0.6947589050288554,0.5419050182176179,Dec,0.41825860104079815,0.47430840722808
2023-01-03,Lake Fryxell,0.3225674626387796,0.3118095099925995,2023,0.6881904900074005,0.4656994467323747,Jan,0.38298099496475196,0.3872233942672147
2023-01-03,Lake Hoare,0.1746320489557778,0.21646057154451095,2023,0.7835394284554891,0.4656994467323747,Jan,0.4413193346525692,0.4248242541395964
2023-01-03,West Lake Bonney,0.05111158166485605,0.03682776693398516,2023,0.9631722330660148,0.529940150272031,Jan,0.45512497715841027,0.5668908852481025
2023-01-03,East Lake Bonney,0.1905727458974892,0.36740995546182,2023,0.63259004453818,0.529940150272031,Jan,0.41598591670937457,0.4365257784157089
2023-01-10,Lake Fryxell,0.3213221695803161,0.3099968617453295,2023,0.6900031382546705,0.4599458408197614,Jan,0.3770926275851597,0.3815587634420026
2023-01-10,Lake Hoare,0.21635035708183195,0.24791410735675268,2023,0.7520858926432473,0.4599458408197614,Jan,0.41848826844438475,0.4060411015387952
2023-01-10,West Lake Bonney,0.061576246486638,0.04199416137509401,2023,0.958005838624906,0.4985009608270313,Jan,0.42662736785116595,0.5299945607090623
2023-01-10,East Lake Bonney,0.2228398003512211,0.419015293540778,2023,0.580984706459222,0.4985009608270313,Jan,0.3813695785758392,0.38131625353308163
2023-01-15,Lake Fryxell,0.27264809999382167,0.24980860028196783,2023,0.7501913997180322,0.47337451184641827,Jan,0.4111766115872736,0.4201833697347518
2023-01-22,Lake Fryxell,0.3492282128878724,0.329234531697105,2023,0.670765468302895,0.46223892856957666,Jan,0.36863039378199963,0.3765149032167472
2023-01-22,Lake Hoare,0.10256769774652018,0.165604419367654,2023,0.834395580632346,0.46223892856957666,Jan,0.4659009834375827,0.44104244830264744
2023-01-22,West Lake Bonney,0.08442553930871419,0.04814886103849858,2023,0.9518511389615014,0.5004230792033306,Jan,0.42177755567007447,0.5296986494349123
2023-01-22,East Lake Bonney,0.13461728520790522,0.34106779678000343,2023,0.6589322032199966,0.5004230792033306,Jan,0.4076914996156865,0.4141860487070088
2023-01-24,Lake Fryxell,0.3660330289197952,0.3450649696237901,2023,0.6549350303762099,0.4359889501577817,Jan,0.3328981193512154,0.34116687485303065
2023-01-24,Lake Hoare,0.21262964929385883,0.24435958649430956,2023,0.7556404135056904,0.4359889501577817,Jan,0.3933927517524452,0.38088004902232336
2023-01-24,West Lake Bonney,0.08389602924360466,0.04128749414538855,2023,0.9587125058546114,0.4847154408880378,Jan,0.4091555033779001,0.5149882085711954
2023-01-24,East Lake Bonney,0.18203301868224997,0.36779877962889496,2023,0.632201220371105,0.4847154408880378,Jan,0.3816138606341294,0.38622846261030425
2023-11-17,Lake Fryxell,0.33956188948469723,0.313130061416065,2024,0.686869938583935,0.4432245408480629,Nov,0.35135964985162643,0.3617830429124796
2023-11-17,Lake Hoare,0.31297226380011656,0.2996075736624854,2024,0.7003924263375145,0.4432245408480629,Nov,0.36184527041225095,0.36711563680837456
2023-11-17,West Lake Bonney,0.10797866695663905,0.0373131063679466,2024,0.9626868936320534,0.466267069170961,Nov,0.3873979013105433,0.4961004333113369
2023-11-17,East Lake Bonney,0.27023206601832855,0.4190677627938351,2024,0.5809322372061649,0.466267069170961,Nov,0.34186231705754017,0.34555546054570874
2023-11-19,Lake Fryxell,0.35473375539395163,0.34742242974393506,2024,0.652577570256065,0.430196458643133,Nov,0.33093142445569906,0.3338146461855067
2023-11-19,Lake Hoare,0.321099690678643,0.28958285834108083,2024,0.7104171416589191,0.430196458643133,Nov,0.3441950199910334,0.35662368480507545
2023-11-19,West Lake Bonney,0.11359207401437572,0.03384712339303566,2024,0.9661528766069644,0.45421033249974135,Nov,0.3760201344370253,0.4840990474901024
2023-11-19,East Lake Bonney,0.26290815179451704,0.457070931599096,2024,0.542929068400904,0.45421033249974135,Nov,0.3341153430464886,0.31720071211245426
2023-11-21,Lake Fryxell,0.37279739924594374,0.35741795248845043,2024,0.6425820475115496,0.4200816437098694,Nov,0.3125929813196163,0.3186578671154671
2023-12-05,Lake Fryxell,0.17212149487081388,0.18770556151866913,2024,0.8122944384813309,0.48076900315511745,Dec,0.45901810451616115,0.45287252685368
2023-12-05,Lake Hoare,0.22441616926058308,0.16012418419122695,2024,0.839875815808773,0.48076900315511745,Dec,0.4383956963823561,0.46374924473702656
2023-12-05,West Lake Bonney,0.07118723165549182,0.03545104202460018,2024,0.9645489579753999,0.49936191519574047,Dec,0.42463006905876366,0.5335294440755145
2023-12-05,East Lake Bonney,0.2078332744936549,0.27377042494438314,2024,0.7262295750556169,0.49936191519574047,Dec,0.3862810579903982,0.4395481804359835
2023-12-07,Lake Fryxell,0.1347730652955071,0.15294246673583983,2024,0.8470575332641601,0.5009725566618136,Dec,0.4961476353716663,0.4889825307712102
2023-12-19,Lake Fryxell,0.08900610501440388,0.11212066818466958,2024,0.8878793318153304,0.5384147395908738,Dec,0.5557107588390252,0.5465955293994267
2023-12-19,Lake Hoare,0.0389238795804035,0.03078469156171195,2024,0.9692153084382881,0.5384147395908738,Dec,0.5754606875880078,0.578670376894957
2023-12-19,West Lake Bonney,0.04611499273102985,0.01411898665612491,2024,0.9858810133438751,0.5727166030266752,Dec,0.4913054442672925,0.6232755137965444
2023-12-19,East Lake Bonney,0.1330914514986113,0.22160835045355337,2024,0.7783916495464467,0.5727166030266752,Dec,0.46689594721427086,0.5414520701364527
2023-12-28,Lake Fryxell,0.11643200044868848,0.12439866780358202,2024,0.875601332196418,0.5593288629551211,Dec,0.5680843919538039,0.5649427361814713
2023-12-28,Lake Hoare,0.00126575645460767,2.768638768299882e-4,2024,0.99972313612317,0.5593288629551211,Dec,0.6135002075143259,0.6138901773645524
2023-12-28,West Lake Bonney,0.04887838882026774,0.01215917373937212,2024,0.9878408262606279,0.5809634439733345,Dec,0.49723477500370195,0.6331922491584183
2023-12-28,East Lake Bonney,0.11795550849171312,0.21721033201449447,2024,0.7827896679855055,0.5809634439733345,Dec,0.47784863566274455,0.5523303119993581
2023-12-30,Lake Fryxell,0.09121270180171023,0.08859384406412787,2024,0.9114061559358722,0.5166571002425696,Dec,0.5307162819421652,0.5317490286556501
2023-12-30,Lake Hoare,0.00297419027080683,0.00108493631373026,2024,0.9989150636862697,0.5166571002425696,Dec,0.5655131445126635,0.5662581719294297
2023-12-30,West Lake Bonney,0.04258584962658784,0.00664541309743071,2024,0.9933545869025693,0.5493094577307271,Dec,0.47326535451966445,0.60026948333848
2023-12-30,East Lake Bonney,0.14621630643173933,0.23827918516816915,2024,0.7617208148318309,0.5493094577307271,Dec,0.44418199833534167,0.5089246907576493
2024-01-04,Lake Fryxell,0.11061256642183016,0.10692523058284732,2024,0.8930747694171527,0.5806047477687846,Jan,0.5939694345296933,0.5954235356496496
2024-01-04,Lake Hoare,0.07235003832624033,0.0916815065227898,2024,0.9083184934772102,0.5806047477687846,Jan,0.6090582648900713,0.6014348991912324
2024-01-04,West Lake Bonney,0.04408211852556592,0.00711035725512106,2024,0.9928896427448789,0.5695005536650446,Jan,0.48926124088583933,0.6224734952520922
2024-01-04,East Lake Bonney,0.15979342984193978,0.2637086181728928,2024,0.7362913818271072,0.5695005536650446,Jan,0.45678745484534516,0.5212839549247097
2024-01-13,Lake Fryxell,0.0989593829251047,0.0842193256077521,2024,0.9157806743922479,0.5845291111217121,Jan,0.6029161003175902,0.6087288428475179
2024-01-22,Lake Fryxell,0.07634632225470533,0.02621273585485623,2024,0.9737872641451437,0.6131998189038578,Jan,0.6436228982297552,0.6633930811788497
2024-01-22,Lake Hoare,0.00148469017553796,0,2024,1,0.6131998189038578,Jan,0.6731445875473461,0.6737300752114241
2024-01-22,West Lake Bonney,0.05744355996096836,0.02119777587487239,2024,0.9788022241251276,0.5956805144496038,Jan,0.5067963067173962,0.6459457812792944
2024-01-22,East Lake Bonney,0.17811011515921876,0.30802827681656236,2024,0.6919717231834377,0.5956805144496038,Jan,0.4729318568967764,0.5328341551975283
2024-01-24,Lake Fryxell,0.06567112823323795,0,2024,1,0.4968840788684176,Jan,0.5188647906255328,0.5447622041735982
2024-11-03,Lake Fryxell,0.13374115837900166,0.0253301372162348,2025,0.9746698627837652,0.4451365628985152,Nov,0.4346450684860944,0.4773969614983309
2024-11-07,Lake Fryxell,0.03845584197285724,0.00103623619682313,2025,0.9989637638031769,0.5193077788699433,Nov,0.554459956538755,0.5692163804294148
2024-11-12,Lake Fryxell,0.05197266027693587,0.00962746381307678,2025,0.9903725361869232,0.5340508088601255,Nov,0.5654762870666505,0.582175117954767
2024-11-12,Lake Hoare,0.08030944920534283,0.01855929142433784,2025,0.9814407085756621,0.5340508088601255,Nov,0.5543016725709645,0.578652851174648
2024-11-12,West Lake Bonney,0.13561137418623678,0.11437944706310244,2025,0.8856205529368976,0.4847848354332669,Nov,0.39469827636309623,0.4862413352112983
2024-11-12,East Lake Bonney,0.202243891525954,0.3211931765286459,2025,0.6788068234713541,0.4847848354332669,Nov,0.37599820212823365,0.40468432799246806
2024-11-14,Lake Fryxell,0.05142786606590523,0.01079261144417721,2025,0.9892073885558228,0.5209753205718921,Nov,0.5511933649436869,0.5672178801588406
2024-11-14,Lake Hoare,0.07804483102707509,0.02845473574166784,2025,0.9715452642583322,0.5209753205718921,Nov,0.5406969631376204,0.5602528203315611
2024-11-14,West Lake Bonney,0.1325408639451698,0.12197950646719512,2025,0.8780204935328049,0.4667023461389589,Nov,0.38085853648499784,0.4631948569035231
2024-11-14,East Lake Bonney,0.1340090478062865,0.24534325066919405,2025,0.754656749330806,0.4667023461389589,Nov,0.38044649821465404,0.4145463566205638
2024-11-21,Lake Fryxell,0.0334915329367306,0.0039030397298013,2025,0.9960969602701987,0.538258229468691,Nov,0.5774293994706763,0.5890976236273027
2024-11-21,Lake Hoare,0.04151561778763053,6.693059832157035e-4,2025,0.9993306940167843,0.538258229468691,Nov,0.5742651011051833,0.5903728467336005
2024-11-21,West Lake Bonney,0.13008058740262968,0.09734768423197024,2025,0.9026523157680297,0.49075273626465826,Nov,0.40110249837825573,0.4995748653694225
2024-11-21,East Lake Bonney,0.21356296279166184,0.3365072435802884,2025,0.6634927564197116,0.49075273626465826,Nov,0.37767359790435695,0.40526227810246973
2024-12-09,Lake Fryxell,0.0448219166534886,0.01155646358981627,2025,0.9884435364101837,0.5045823542013971,Dec,0.5356223262354363,0.5487405597427701
2024-12-21,Lake Fryxell,0.01571171763107622,0,2025,1,0.5825160161096529,Dec,0.633512754905204,0.6397086717409448
2024-12-21,Lake Hoare,0.00409458626703914,1.961162280557411e-5,2025,0.9999803883771944,0.5825160161096529,Dec,0.6380939713890774,0.6397009378962584
2024-12-21,West Lake Bonney,0.05422827661237357,0.04669703282963704,2025,0.953302967170363,0.5973633704580881,Dec,0.5090668585691215,0.637756054722787
2024-12-21,East Lake Bonney,0.13556499388721238,0.2168571431983124,2025,0.7831428568016876,0.5973633704580881,Dec,0.4862401260399438,0.5706534044995235
